Protocol,Run,Timestamp,AverageRTT,MinRTT,MaxRTT,PacketLoss,Jitter,ResponseTime,TTFB,DataSize,ThroughputMbps,StatusCode
HTTP/3,1,1786696816099,208.4,196.0,223.0,0.0,23.25,413,414,5212,0.1009588377723971,200
HTTP/3,2,1786696824129,193.8,190.0,204.0,0.0,6.75,416,416,5212,0.10023076923076923,200
HTTP/3,3,1786696831915,190.4,190.0,192.0,0.0,0.5,455,455,5212,0.09163956043956042,200
HTTP/3,4,1786696839416,192.0,190.0,194.0,0.0,2.75,230,231,5212,0.18128695652173912,200
HTTP/3,5,1786696846932,194.8,190.0,201.0,0.0,6.75,266,239,5212,0.15675187969924811,200
HTTP/3,6,1786696854622,194.6,191.0,206.0,0.0,7.0,434,434,5212,0.09607373271889401,200
HTTP/3,7,1786696862132,196.4,190.0,205.0,0.0,9.5,208,206,5212,0.20046153846153847,200
HTTP/3,8,1786696869867,193.0,191.0,199.0,0.0,2.25,452,453,5212,0.09224778761061946,200
HTTP/3,9,1786696877642,195.6,190.0,215.0,0.0,6.25,440,442,5212,0.09476363636363637,200
HTTP/3,10,1786696885592,196.4,190.0,207.0,0.0,9.25,644,603,18391,0.22845962732919253,200
HTTP/3,11,1786696893610,193.4,190.0,203.0,0.0,5.75,679,616,17402,0.20503092783505153,200
HTTP/3,12,1786696901115,200.2,193.0,207.0,0.0,8.0,236,215,5212,0.17667796610169492,200
HTTP/3,13,1786696908947,192.8,191.0,197.0,0.0,2.5,516,478,18699,0.28990697674418603,200
HTTP/3,14,1786696919987,193.25,192.0,194.0,20.0,1.6666666666666667,237,217,5212,0.1759324894514768,200
HTTP/3,15,1786696927519,192.2,190.0,195.0,0.0,1.25,242,230,5212,0.17229752066115703,200
HTTP/3,16,1786696934946,191.6,190.0,193.0,0.0,0.75,216,216,5212,0.19303703703703706,200
HTTP/3,17,1786696942600,195.2,190.0,210.0,0.0,10.75,396,397,5212,0.10529292929292929,200
HTTP/3,18,1786696950255,194.0,189.0,203.0,0.0,6.75,398,375,3856,0.0775075376884422,200
HTTP/3,19,1786696958035,192.2,189.0,195.0,0.0,2.25,481,482,42795,0.7117671517671518,200
HTTP/3,20,1786696965699,191.0,189.0,194.0,0.0,1.75,397,398,5212,0.10502770780856423,200
HTTP/3,21,1786696973190,195.8,190.0,208.0,0.0,7.75,255,233,5212,0.16351372549019608,200
HTTP/3,22,1786696980883,200.8,190.0,223.0,0.0,15.25,410,411,5212,0.10169756097560977,200
HTTP/3,23,1786696988773,194.0,190.0,203.0,0.0,7.75,625,593,17407,0.2228096,200
HTTP/3,24,1786696996331,193.0,190.0,200.0,0.0,5.0,234,220,5212,0.1781880341880342,200
HTTP/3,25,1786697003794,193.4,190.0,200.0,0.0,4.5,239,222,5212,0.1744602510460251,200
HTTP/3,26,1786697011282,196.8,190.0,211.0,0.0,8.5,260,248,5212,0.16036923076923076,200
HTTP/3,27,1786697018772,193.2,190.0,199.0,0.0,5.0,237,219,5212,0.1759324894514768,200
HTTP/3,28,1786697026233,198.6,190.0,207.0,0.0,11.0,251,235,5212,0.1661195219123506,200
HTTP/3,29,1786697033750,197.0,190.0,221.0,0.0,9.25,261,243,5212,0.15975478927203063,200
HTTP/3,30,1786697041264,192.6,190.0,195.0,0.0,2.0,251,221,5212,0.1661195219123506,200
HTTP/3,31,1786697048745,193.6,190.0,206.0,0.0,8.5,244,227,5212,0.17088524590163934,200
HTTP/3,32,1786697056211,193.0,189.0,199.0,0.0,4.75,212,213,5212,0.1966792452830189,200
HTTP/3,33,1786697063770,191.4,190.0,196.0,0.0,1.75,216,217,5212,0.19303703703703706,200
HTTP/3,34,1786697071276,190.4,189.0,192.0,0.0,1.5,220,220,5212,0.18952727272727274,200
HTTP/3,35,1786697078772,192.4,189.0,197.0,0.0,7.75,239,224,5212,0.1744602510460251,200
HTTP/3,36,1786697086262,201.2,193.0,209.0,0.0,9.25,235,215,5212,0.17742978723404257,200
HTTP/3,37,1786697093761,190.8,189.0,194.0,0.0,3.25,209,210,3856,0.14759808612440192,200
HTTP/3,38,1786697101196,193.6,190.0,201.0,0.0,4.75,236,224,5212,0.17667796610169492,200
HTTP/3,39,1786697108666,191.2,189.0,194.0,0.0,2.25,221,222,5212,0.18866968325791855,200
HTTP/3,40,1786697116144,191.4,190.0,193.0,0.0,0.75,240,224,5212,0.17373333333333335,200
HTTP/3,41,1786697123616,191.6,189.0,195.0,0.0,3.25,238,215,5212,0.17519327731092438,200
HTTP/3,42,1786697131179,199.2,191.0,218.0,0.0,14.25,226,226,5212,0.1844955752212389,200
HTTP/3,43,1786697138700,194.2,190.0,201.0,0.0,4.75,248,228,5212,0.16812903225806453,200
HTTP/3,44,1786697146329,192.8,190.0,197.0,0.0,4.25,237,216,5212,0.1759324894514768,200
HTTP/3,45,1786697153864,190.6,190.0,192.0,0.0,1.0,238,238,5212,0.17519327731092438,200
HTTP/3,46,1786697161491,191.2,190.0,195.0,0.0,2.25,394,394,5212,0.1058274111675127,200
HTTP/3,47,1786697169425,196.2,189.0,213.0,0.0,13.5,635,596,17465,0.2200314960629921,200
HTTP/3,48,1786697177394,190.8,189.0,195.0,0.0,2.75,681,638,18315,0.2151541850220264,200
HTTP/3,49,1786697188761,193.25,190.0,199.0,20.0,4.333333333333333,406,407,5212,0.10269950738916254,200
HTTP/3,50,1786697199990,199.25,191.0,206.0,20.0,11.0,262,246,1928,0.058870229007633584,200
HTTP/3,51,1786697207988,191.0,190.0,193.0,0.0,2.5,695,657,18321,0.21088920863309354,200
HTTP/3,52,1786697215536,198.8,193.0,207.0,0.0,10.75,234,216,5212,0.1781880341880342,200
HTTP/3,53,1786697226976,197.5,189.0,209.0,20.0,11.0,243,227,5212,0.17158847736625515,200
HTTP/3,54,1786697234486,194.6,191.0,197.0,0.0,2.0,256,237,5212,0.162875,200
HTTP/3,55,1786697242039,200.4,191.0,220.0,0.0,8.5,242,224,5212,0.17229752066115703,200
HTTP/3,56,1786697249580,202.4,190.0,215.0,0.0,21.75,223,210,5212,0.1869775784753363,200
HTTP/3,57,1786697257432,200.6,191.0,210.0,0.0,9.25,447,448,21009,0.376,200
HTTP/3,58,1786697264918,197.0,190.0,206.0,0.0,4.25,235,218,5212,0.17742978723404257,200
HTTP/3,59,1786697276483,200.25,191.0,209.0,20.0,12.333333333333334,251,237,5080,0.16191235059760956,200
HTTP/3,60,1786697284008,197.0,194.0,201.0,0.0,1.75,246,227,5212,0.16949593495934961,200
HTTP/3,61,1786697291554,194.2,190.0,205.0,0.0,5.0,238,236,5212,0.17519327731092438,200
HTTP/3,62,1786697299367,197.2,191.0,203.0,0.0,4.5,526,249,5212,0.0792699619771863,200
HTTP/3,63,1786697306876,201.6,191.0,215.0,0.0,15.0,240,222,5212,0.17373333333333335,200
HTTP/3,64,1786697314382,194.2,191.0,199.0,0.0,5.5,232,217,5212,0.17972413793103445,200
HTTP/3,65,1786697321892,192.2,190.0,195.0,0.0,2.25,213,214,5212,0.19575586854460092,200
HTTP/3,66,1786697329394,193.4,190.0,197.0,0.0,3.25,231,210,5212,0.1805021645021645,200
HTTP/3,67,1786697336876,191.0,190.0,194.0,0.0,1.0,225,208,5212,0.18531555555555557,200
HTTP/3,68,1786697344423,195.4,190.0,207.0,0.0,9.75,235,218,5212,0.17742978723404257,200
HTTP/3,69,1786697351968,192.6,190.0,196.0,0.0,2.25,238,211,5212,0.17519327731092438,200
HTTP/3,70,1786697359922,195.8,190.0,207.0,0.0,8.25,672,634,18321,0.21810714285714283,200
HTTP/3,71,1786697367661,191.4,190.0,193.0,0.0,2.75,405,405,5212,0.10295308641975308,200
HTTP/3,72,1786697375174,198.4,191.0,213.0,0.0,10.5,245,231,5212,0.17018775510204082,200
HTTP/3,73,1786697382893,198.8,190.0,224.0,0.0,17.75,411,412,5212,0.10145012165450124,200
HTTP/3,74,1786697390576,193.2,190.0,196.0,0.0,4.0,382,383,5212,0.10915183246073298,200
HTTP/3,75,1786697398305,191.8,190.0,193.0,0.0,1.75,431,430,16306,0.30266357308584685,200
HTTP/3,76,1786697406063,201.0,193.0,209.0,0.0,7.5,433,433,5212,0.09629561200923786,200
HTTP/3,77,1786697413814,196.0,190.0,208.0,0.0,9.25,430,430,5212,0.09696744186046512,200
HTTP/3,78,1786697421349,192.6,191.0,197.0,0.0,3.5,251,231,5212,0.1661195219123506,200
HTTP/3,79,1786697429289,192.4,190.0,195.0,0.0,3.5,643,608,18313,0.22784447900466562,200
HTTP/3,80,1786697436835,191.4,190.0,193.0,0.0,1.75,236,218,5212,0.17667796610169492,200
HTTP/3,81,1786697444633,195.2,190.0,207.0,0.0,9.25,444,445,5212,0.09390990990990991,200
HTTP/3,82,1786697452206,191.2,190.0,193.0,0.0,1.75,240,218,5212,0.17373333333333335,200
HTTP/3,83,1786697459724,193.8,191.0,200.0,0.0,3.0,226,208,5212,0.1844955752212389,200
HTTP/3,84,1786697467233,195.6,190.0,212.0,0.0,10.75,221,203,5212,0.18866968325791855,200
HTTP/3,85,1786697482265,201.0,191.0,212.0,40.0,10.5,420,421,5212,0.09927619047619048,200
HTTP/3,86,1786697489863,191.6,190.0,194.0,0.0,2.0,316,317,3856,0.09762025316455696,200
HTTP/3,87,1786697497353,193.6,190.0,205.0,0.0,7.5,240,221,5212,0.17373333333333335,200
HTTP/3,88,1786697505294,191.8,190.0,194.0,0.0,1.75,669,632,18305,0.21889387144992523,200
HTTP/3,89,1786697512827,193.8,190.0,209.0,0.0,9.5,247,227,5212,0.16880971659919028,200
HTTP/3,90,1786697520663,191.6,190.0,193.0,0.0,1.25,622,587,15140,0.19472668810289387,200
HTTP/3,91,1786697528218,193.8,190.0,206.0,0.0,8.5,249,232,5212,0.1674538152610442,200
HTTP/3,92,1786697535968,193.8,190.0,204.0,0.0,7.25,487,487,5212,0.08561806981519508,200
HTTP/3,93,1786697543774,193.2,190.0,199.0,0.0,4.0,498,499,13991,0.2247550200803213,200
HTTP/3,94,1786697551536,191.8,190.0,195.0,0.0,2.75,411,412,5212,0.10145012165450124,200
HTTP/3,95,1786697559058,197.4,191.0,211.0,0.0,10.0,215,213,5212,0.19393488372093023,200
HTTP/3,96,1786697567569,201.8,190.0,222.0,0.0,16.5,242,232,5212,0.17229752066115703,200
HTTP/3,97,1786697575894,199.8,191.0,223.0,0.0,19.0,230,217,5212,0.18128695652173912,200
HTTP/3,98,1786697584523,197.0,191.0,205.0,0.0,9.0,447,447,5212,0.09327964205816554,200
HTTP/3,99,1786697592347,206.4,191.0,225.0,0.0,17.75,480,481,1928,0.03213333333333333,200
HTTP/3,100,1786697603488,205.25,191.0,220.0,20.0,16.333333333333332,239,240,5212,0.1744602510460251,200
HTTP/3,101,1786697611390,196.4,190.0,216.0,0.0,13.5,623,590,18315,0.23518459069020867,200
HTTP/3,102,1786697619152,192.4,190.0,198.0,0.0,5.0,413,414,5212,0.1009588377723971,200
HTTP/3,103,1786697630465,192.25,190.0,194.0,20.0,2.3333333333333335,409,410,5212,0.10194621026894866,200
HTTP/3,104,1786697638020,192.0,190.0,194.0,0.0,1.25,251,253,5212,0.1661195219123506,200
HTTP/3,105,1786697645604,192.8,190.0,197.0,0.0,3.25,222,207,5212,0.18781981981981982,200
HTTP/3,106,1786697653157,193.4,190.0,202.0,0.0,6.5,250,234,5212,0.166784,200
HTTP/3,107,1786697660704,194.0,190.0,204.0,0.0,5.0,241,217,5212,0.17301244813278008,200
HTTP/3,108,1786697668704,203.8,190.0,215.0,0.0,14.25,681,649,18315,0.2151541850220264,200
HTTP/3,109,1786697676426,195.2,191.0,203.0,0.0,5.75,422,423,5212,0.09880568720379147,200
HTTP/3,110,1786697684315,194.0,190.0,204.0,0.0,6.75,619,587,17477,0.2258739903069467,200
HTTP/3,111,1786697691962,193.0,190.0,198.0,0.0,2.0,324,313,5212,0.12869135802469134,200
HTTP/3,112,1786697699937,190.6,190.0,192.0,0.0,1.25,631,598,19543,0.24777179080824088,200
HTTP/3,113,1786697707644,192.4,190.0,199.0,0.0,4.75,430,431,5212,0.09696744186046512,200
HTTP/3,114,1786697715431,192.8,190.0,199.0,0.0,4.5,411,411,13958,0.27168856447688566,200
HTTP/3,115,1786697723427,191.6,190.0,196.0,0.0,4.0,660,601,17410,0.211030303030303,200
HTTP/3,116,1786697731414,190.8,190.0,192.0,0.0,1.25,641,605,18310,0.22851794071762868,200
HTTP/3,117,1786697739062,192.0,190.0,194.0,0.0,1.0,263,252,5212,0.1585399239543726,200
HTTP/3,118,1786697746822,197.8,190.0,216.0,0.0,8.75,409,409,5212,0.10194621026894866,200
HTTP/3,119,1786697754764,191.0,190.0,192.0,0.0,1.0,639,601,17410,0.2179655712050078,200
HTTP/3,120,1786697762696,190.6,190.0,193.0,0.0,1.5,655,619,19301,0.23573740458015266,200
HTTP/3,121,1786697770469,196.0,190.0,211.0,0.0,7.0,416,416,5212,0.10023076923076923,200
HTTP/3,122,1786697777958,190.8,190.0,192.0,0.0,1.0,231,214,5212,0.1805021645021645,200
HTTP/3,123,1786697785926,193.4,190.0,201.0,0.0,4.25,659,622,18307,0.22223975720789074,200
HTTP/3,124,1786697793618,190.8,190.0,192.0,0.0,0.75,245,223,5212,0.17018775510204082,200
HTTP/3,125,1786697801480,190.2,190.0,191.0,0.0,0.25,613,581,17467,0.22795432300163132,200
HTTP/3,126,1786697809272,193.0,190.0,197.0,0.0,3.75,445,443,12265,0.2204943820224719,200
HTTP/3,127,1786697816890,191.8,190.0,199.0,0.0,2.25,330,331,3856,0.09347878787878787,200
HTTP/3,128,1786697824661,192.0,190.0,195.0,0.0,3.5,398,399,15131,0.30414070351758793,200
HTTP/3,129,1786697832199,192.0,190.0,199.0,0.0,4.75,229,228,5212,0.18207860262008732,200
HTTP/3,130,1786697840041,194.8,190.0,204.0,0.0,3.5,445,446,5212,0.09369887640449438,200
HTTP/3,131,1786697847636,198.0,190.0,221.0,0.0,9.5,237,220,5212,0.1759324894514768,200
HTTP/3,132,1786697855148,190.0,189.0,191.0,0.0,0.75,225,208,5212,0.18531555555555557,200
HTTP/3,133,1786697862705,192.0,190.0,194.0,0.0,3.0,241,222,5212,0.17301244813278008,200
HTTP/3,134,1786697870445,190.6,190.0,192.0,0.0,1.25,423,424,5212,0.09857210401891253,200
HTTP/3,135,1786697878254,189.4,189.0,191.0,0.0,1.0,433,433,5212,0.09629561200923786,200
HTTP/3,136,1786697886154,191.4,190.0,195.0,0.0,2.25,398,398,5212,0.10476381909547737,200
HTTP/3,137,1786697894116,192.0,189.0,197.0,0.0,3.75,678,632,18319,0.21615339233038347,200
HTTP/3,138,1786697901884,190.8,189.0,195.0,0.0,1.75,440,441,5212,0.09476363636363637,200
HTTP/3,139,1786697909373,195.8,190.0,211.0,0.0,9.0,223,205,5212,0.1869775784753363,200
HTTP/3,140,1786697917082,190.2,189.0,192.0,0.0,0.75,396,396,5212,0.10529292929292929,200
HTTP/3,141,1786697924998,190.4,189.0,193.0,0.0,1.75,654,616,17486,0.2138960244648318,200
HTTP/3,142,1786697932987,190.4,189.0,193.0,0.0,1.0,662,627,19472,0.23531117824773412,200
HTTP/3,143,1786697940857,190.2,189.0,193.0,0.0,2.0,583,557,17224,0.2363499142367067,200
HTTP/3,144,1786697948384,190.8,189.0,196.0,0.0,3.75,233,217,5212,0.1789527896995708,200
HTTP/3,145,1786697955978,189.8,189.0,190.0,0.0,0.25,292,276,5212,0.14279452054794523,200
HTTP/3,146,1786697963736,196.0,190.0,207.0,0.0,7.5,412,396,3856,0.074873786407767,200
HTTP/3,147,1786697971297,191.2,190.0,194.0,0.0,2.0,220,221,5212,0.18952727272727274,200
HTTP/3,148,1786697978861,193.6,190.0,198.0,0.0,2.5,236,217,5212,0.17667796610169492,200
HTTP/3,149,1786697986587,190.4,189.0,192.0,0.0,1.75,414,415,5212,0.10071497584541063,200
HTTP/3,150,1786697994541,194.4,190.0,200.0,0.0,4.5,695,653,18325,0.21093525179856115,200
HTTP/3,151,1786698002290,196.2,190.0,209.0,0.0,10.25,415,415,5212,0.10047228915662652,200
HTTP/3,152,1786698010033,189.8,189.0,190.0,0.0,0.5,414,415,5212,0.10071497584541063,200
HTTP/3,153,1786698017568,194.4,189.0,208.0,0.0,9.25,223,207,5212,0.1869775784753363,200
HTTP/3,154,1786698025138,193.6,190.0,200.0,0.0,6.25,231,213,5212,0.1805021645021645,200
HTTP/3,155,1786698032709,193.8,190.0,197.0,0.0,5.0,236,221,5212,0.17667796610169492,200
HTTP/3,156,1786698040228,191.4,190.0,197.0,0.0,1.75,242,236,5212,0.17229752066115703,200
HTTP/3,157,1786698047723,191.2,189.0,193.0,0.0,1.75,250,229,5212,0.166784,200
HTTP/3,158,1786698055615,190.0,189.0,191.0,0.0,1.0,625,588,18128,0.2320384,200
HTTP/3,159,1786698063297,191.6,189.0,194.0,0.0,3.0,408,408,5212,0.10219607843137256,200
HTTP/3,160,1786698070982,192.0,190.0,197.0,0.0,2.75,394,394,5212,0.1058274111675127,200
HTTP/3,161,1786698078724,194.0,190.0,204.0,0.0,7.0,399,399,5212,0.10450125313283208,200
HTTP/3,162,1786698086214,195.4,190.0,202.0,0.0,5.25,248,219,5212,0.16812903225806453,200
HTTP/3,163,1786698093915,190.0,189.0,192.0,0.0,0.75,397,398,5212,0.10502770780856423,200
HTTP/3,164,1786698101638,189.8,189.0,192.0,0.0,1.0,408,409,5212,0.10219607843137256,200
HTTP/3,165,1786698109664,195.0,189.0,204.0,0.0,4.5,667,634,17463,0.20945127436281857,200
HTTP/3,166,1786698117194,189.8,189.0,190.0,0.0,0.5,235,222,5212,0.17742978723404257,200
HTTP/3,167,1786698124959,190.8,190.0,194.0,0.0,1.0,433,434,5212,0.09629561200923786,200
HTTP/3,168,1786698132882,192.2,190.0,197.0,0.0,2.5,616,580,18397,0.23892207792207792,200
HTTP/3,169,1786698140404,191.0,189.0,194.0,0.0,2.0,223,207,5212,0.1869775784753363,200
HTTP/3,170,1786698148042,191.6,189.0,195.0,0.0,4.5,404,404,5212,0.1032079207920792,200
HTTP/3,171,1786698155574,190.2,189.0,191.0,0.0,1.25,219,218,5212,0.19039269406392692,200
HTTP/3,172,1786698163497,191.2,190.0,194.0,0.0,2.0,621,587,11608,0.14953945249597422,200
HTTP/3,173,1786698171067,193.6,190.0,198.0,0.0,5.0,243,225,5212,0.17158847736625515,200
HTTP/3,174,1786698178836,190.8,190.0,194.0,0.0,2.0,400,400,5212,0.10424,200
HTTP/3,175,1786698186429,190.8,190.0,192.0,0.0,1.0,243,224,5212,0.17158847736625515,200
HTTP/3,176,1786698193940,190.4,190.0,191.0,0.0,0.75,209,208,5212,0.1995023923444976,200
HTTP/3,177,1786698201693,194.0,190.0,203.0,0.0,4.75,437,436,12779,0.23394050343249426,200
HTTP/3,178,1786698209492,190.8,190.0,192.0,0.0,1.0,453,453,5212,0.09204415011037527,200
HTTP/3,179,1786698217022,192.2,190.0,200.0,0.0,2.5,230,211,5212,0.18128695652173912,200
HTTP/3,180,1786698224502,190.8,190.0,191.0,0.0,0.5,240,218,5212,0.17373333333333335,200
HTTP/3,181,1786698232212,194.0,190.0,205.0,0.0,8.5,418,418,5212,0.0997511961722488,200
HTTP/3,182,1786698239921,190.8,190.0,192.0,0.0,1.25,417,418,5212,0.09999040767386091,200
HTTP/3,183,1786698247466,191.8,190.0,195.0,0.0,2.0,239,209,5212,0.1744602510460251,200
HTTP/3,184,1786698255365,191.8,191.0,193.0,0.0,1.5,606,571,18388,0.24274587458745875,200
HTTP/3,185,1786698262906,190.6,190.0,191.0,0.0,0.25,231,214,5212,0.1805021645021645,200
HTTP/3,186,1786698270807,190.4,190.0,191.0,0.0,0.75,589,553,17459,0.23713412563667233,200
HTTP/3,187,1786698278526,193.0,190.0,196.0,0.0,4.0,412,414,5212,0.10120388349514564,200
HTTP/3,188,1786698286103,191.6,190.0,194.0,0.0,1.25,222,207,5212,0.18781981981981982,200
HTTP/3,189,1786698293643,190.8,190.0,193.0,0.0,1.5,243,225,5212,0.17158847736625515,200
HTTP/3,190,1786698301236,190.8,190.0,194.0,0.0,2.0,305,306,3856,0.10114098360655738,200
HTTP/3,191,1786698308979,192.4,190.0,195.0,0.0,1.75,448,449,5212,0.09307142857142857,200
HTTP/3,192,1786698316501,191.6,190.0,195.0,0.0,2.5,243,226,5212,0.17158847736625515,200
HTTP/3,193,1786698324021,192.4,190.0,195.0,0.0,3.25,227,213,5212,0.1836828193832599,200
HTTP/3,194,1786698331540,190.4,190.0,192.0,0.0,0.5,234,218,5212,0.1781880341880342,200
HTTP/3,195,1786698339009,190.6,190.0,192.0,0.0,1.0,238,222,5212,0.17519327731092438,200
HTTP/3,196,1786698346565,192.0,190.0,199.0,0.0,2.75,225,208,5212,0.18531555555555557,200
HTTP/3,197,1786698354083,191.0,190.0,193.0,0.0,1.0,239,222,5212,0.1744602510460251,200
HTTP/3,198,1786698361521,190.4,190.0,191.0,0.0,0.5,234,216,5212,0.1781880341880342,200
HTTP/3,199,1786698369032,190.6,190.0,191.0,0.0,0.75,232,214,5212,0.17972413793103445,200
HTTP/3,200,1786698376552,190.8,190.0,191.0,0.0,0.5,234,215,5212,0.1781880341880342,200
HTTP/3,201,1786698384077,192.6,190.0,199.0,0.0,4.25,246,229,5212,0.16949593495934961,200
HTTP/3,202,1786698391611,191.4,190.0,197.0,0.0,1.75,233,215,5212,0.1789527896995708,200
HTTP/3,203,1786698399215,191.6,190.0,194.0,0.0,2.0,254,232,5212,0.1641574803149606,200
HTTP/3,204,1786698406724,190.8,190.0,191.0,0.0,0.5,240,222,5212,0.17373333333333335,200
HTTP/3,205,1786698414240,191.8,190.0,194.0,0.0,1.25,270,250,5212,0.1544296296296296,200
HTTP/3,206,1786698421673,193.4,190.0,204.0,0.0,7.0,216,212,5212,0.19303703703703706,200
HTTP/3,207,1786698429215,193.8,190.0,196.0,0.0,3.0,233,216,5212,0.1789527896995708,200
HTTP/3,208,1786698436808,193.4,190.0,205.0,0.0,3.75,289,269,5212,0.14427681660899655,200
HTTP/3,209,1786698444321,200.6,190.0,207.0,0.0,10.25,233,215,5212,0.1789527896995708,200
HTTP/3,210,1786698451826,191.8,190.0,195.0,0.0,2.5,235,221,5212,0.17742978723404257,200
HTTP/3,211,1786698459335,192.2,190.0,200.0,0.0,2.5,235,229,5212,0.17742978723404257,200
HTTP/3,212,1786698466817,190.0,189.0,191.0,0.0,0.75,226,208,5212,0.1844955752212389,200
HTTP/3,213,1786698474715,190.6,189.0,192.0,0.0,2.0,631,578,14614,0.18528050713153724,200
HTTP/3,214,1786698482252,190.2,189.0,192.0,0.0,1.5,224,207,5212,0.18614285714285714,200
HTTP/3,215,1786698490008,191.4,189.0,195.0,0.0,4.5,394,394,5212,0.1058274111675127,200
HTTP/3,216,1786698497723,190.2,189.0,191.0,0.0,1.0,443,444,26879,0.4853995485327314,200
HTTP/3,217,1786698505182,191.4,189.0,195.0,0.0,1.75,237,221,5212,0.1759324894514768,200
HTTP/3,218,1786698512743,190.4,189.0,192.0,0.0,2.25,230,213,5212,0.18128695652173912,200
HTTP/3,219,1786698520266,193.4,190.0,198.0,0.0,3.0,272,253,5212,0.15329411764705883,200
HTTP/3,220,1786698527799,191.0,190.0,193.0,0.0,0.75,242,224,5212,0.17229752066115703,200
HTTP/3,221,1786698535327,190.6,189.0,193.0,0.0,1.25,240,222,5212,0.17373333333333335,200
HTTP/3,222,1786698542873,190.2,189.0,191.0,0.0,0.75,228,212,5212,0.1828771929824561,200
HTTP/3,223,1786698550366,196.8,190.0,222.0,0.0,16.0,221,201,5212,0.18866968325791855,200
HTTP/3,224,1786698558097,189.8,189.0,191.0,0.0,0.75,414,417,5212,0.10071497584541063,200
HTTP/3,225,1786698565617,192.6,190.0,202.0,0.0,3.5,242,224,5212,0.17229752066115703,200
HTTP/3,226,1786698573182,189.8,189.0,191.0,0.0,1.0,248,245,5212,0.16812903225806453,200
HTTP/3,227,1786698580980,192.8,190.0,200.0,0.0,4.0,426,426,5212,0.09787793427230046,200
HTTP/3,228,1786698588550,191.6,189.0,193.0,0.0,3.5,260,245,5212,0.16036923076923076,200
HTTP/3,229,1786698596269,190.0,189.0,191.0,0.0,1.5,475,441,11609,0.19552,200
HTTP/3,230,1786698604231,189.8,189.0,190.0,0.0,0.25,631,595,18310,0.2321394611727417,200
HTTP/3,231,1786698611767,192.0,190.0,194.0,0.0,2.5,231,213,5212,0.1805021645021645,200
HTTP/3,232,1786698619534,190.2,189.0,192.0,0.0,0.75,407,402,11614,0.22828501228501227,200
HTTP/3,233,1786698627106,194.4,190.0,204.0,0.0,5.5,226,210,5212,0.1844955752212389,200
HTTP/3,234,1786698634660,191.6,190.0,197.0,0.0,3.25,238,221,5212,0.17519327731092438,200
HTTP/3,235,1786698642418,193.8,189.0,206.0,0.0,5.75,432,433,5212,0.09651851851851853,200
HTTP/3,236,1786698650326,191.4,189.0,193.0,0.0,1.25,562,555,38099,0.5423345195729536,200
HTTP/3,237,1786698658261,191.0,190.0,194.0,0.0,1.75,651,608,17418,0.21404608294930874,200
HTTP/3,238,1786698665816,193.8,190.0,196.0,0.0,3.75,237,221,5212,0.1759324894514768,200
HTTP/3,239,1786698673342,190.2,189.0,193.0,0.0,2.5,241,223,5212,0.17301244813278008,200
HTTP/3,240,1786698681344,189.8,189.0,191.0,0.0,1.0,616,583,16298,0.21166233766233766,200
HTTP/3,241,1786698689305,195.6,189.0,211.0,0.0,8.0,638,601,18316,0.22966771159874608,200
HTTP/3,242,1786698696864,191.0,189.0,196.0,0.0,3.25,219,220,5212,0.19039269406392692,200
HTTP/3,243,1786698704911,190.4,189.0,193.0,0.0,1.25,654,616,17403,0.21288073394495413,200
HTTP/3,244,1786698712863,189.8,189.0,190.0,0.0,0.25,629,573,17487,0.22241017488076312,200
HTTP/3,245,1786698720804,192.4,189.0,199.0,0.0,4.75,612,573,17408,0.22755555555555557,200
HTTP/3,246,1786698728793,190.2,189.0,192.0,0.0,2.0,685,646,19301,0.22541313868613136,200
HTTP/3,247,1786698736322,190.2,189.0,191.0,0.0,1.25,211,212,5212,0.19761137440758295,200
HTTP/3,248,1786698744233,192.4,189.0,203.0,0.0,6.75,668,631,18318,0.21937724550898202,200
HTTP/3,249,1786698752000,194.8,189.0,203.0,0.0,10.5,423,424,5212,0.09857210401891253,200
HTTP/3,250,1786698759892,190.2,190.0,191.0,0.0,0.5,646,607,18312,0.22677399380804952,200
HTTP/3,251,1786698767438,190.6,190.0,191.0,0.0,0.75,229,209,5212,0.18207860262008732,200
HTTP/3,252,1786698774961,191.4,190.0,193.0,0.0,2.25,240,220,5212,0.17373333333333335,200
HTTP/3,253,1786698782446,191.8,190.0,195.0,0.0,3.25,227,210,5212,0.1836828193832599,200
HTTP/3,254,1786698790150,192.4,191.0,195.0,0.0,1.25,405,406,5212,0.10295308641975308,200
HTTP/3,255,1786698798019,191.2,190.0,193.0,0.0,1.25,567,558,49183,0.6939400352733687,200
HTTP/3,256,1786698805971,192.6,190.0,195.0,0.0,2.0,633,576,17419,0.22014533965244865,200
HTTP/3,257,1786698813456,190.2,190.0,191.0,0.0,0.5,236,222,5212,0.17667796610169492,200
HTTP/3,258,1786698821373,192.2,191.0,194.0,0.0,1.75,640,600,17409,0.2176125,200
HTTP/3,259,1786698828931,193.0,190.0,197.0,0.0,2.5,245,246,5212,0.17018775510204082,200
HTTP/3,260,1786698836466,194.8,190.0,211.0,0.0,5.5,224,224,5212,0.18614285714285714,200
HTTP/3,261,1786698843993,194.4,190.0,211.0,0.0,10.75,224,210,5212,0.18614285714285714,200
HTTP/3,262,1786698851457,195.0,190.0,201.0,0.0,5.25,222,208,5212,0.18781981981981982,200
HTTP/3,263,1786698859386,192.8,190.0,196.0,0.0,5.0,659,620,18312,0.22230045523520484,200
HTTP/3,264,1786698866874,194.4,190.0,204.0,0.0,6.5,239,226,5212,0.1744602510460251,200
HTTP/3,265,1786698874384,194.6,190.0,205.0,0.0,7.0,228,228,3856,0.13529824561403508,200
HTTP/3,266,1786698882028,191.4,190.0,195.0,0.0,2.25,416,418,5212,0.10023076923076923,200
HTTP/3,267,1786698890039,191.0,190.0,193.0,0.0,1.75,670,587,17418,0.20797611940298505,200
HTTP/3,268,1786698897581,191.0,190.0,192.0,0.0,0.5,249,234,5212,0.1674538152610442,200
HTTP/3,269,1786698905262,193.2,191.0,196.0,0.0,2.5,417,418,31579,0.605832134292566,200
HTTP/3,270,1786698912954,194.2,190.0,206.0,0.0,8.5,415,416,5212,0.10047228915662652,200
HTTP/3,271,1786698920435,190.8,190.0,192.0,0.0,0.75,239,220,5212,0.1744602510460251,200
HTTP/3,272,1786698928114,191.2,190.0,193.0,0.0,2.0,428,425,5212,0.09742056074766355,200
HTTP/3,273,1786698935601,191.8,190.0,196.0,0.0,3.5,245,228,5212,0.17018775510204082,200
HTTP/3,274,1786698943478,190.4,190.0,192.0,0.0,1.0,613,577,17416,0.22728874388254486,200
HTTP/3,275,1786698950944,192.4,190.0,194.0,0.0,1.0,223,207,5212,0.1869775784753363,200
HTTP/3,276,1786698958428,190.6,190.0,192.0,0.0,0.75,233,234,5212,0.1789527896995708,200
HTTP/3,277,1786698966161,194.4,190.0,204.0,0.0,9.0,435,436,5212,0.0958528735632184,200
HTTP/3,278,1786698973852,195.4,191.0,205.0,0.0,6.0,383,384,5212,0.10886684073107049,200
HTTP/3,279,1786698981817,198.2,191.0,216.0,0.0,12.0,676,611,17487,0.2069467455621302,200
HTTP/3,280,1786698989571,193.6,190.0,196.0,0.0,3.75,463,464,5212,0.0900561555075594,200
HTTP/3,281,1786698997105,210.4,204.0,216.0,0.0,5.75,220,220,1928,0.07010909090909091,200
HTTP/3,282,1786699004659,199.8,190.0,206.0,0.0,8.5,287,255,5212,0.14528222996515683,200
HTTP/3,283,1786699012335,192.2,190.0,195.0,0.0,2.25,428,429,5212,0.09742056074766355,200
HTTP/3,284,1786699019835,190.0,190.0,190.0,0.0,0.0,227,208,5212,0.1836828193832599,200
HTTP/3,285,1786699027495,190.8,190.0,193.0,0.0,1.5,390,391,5212,0.10691282051282051,200
HTTP/3,286,1786699035006,193.2,190.0,204.0,0.0,7.5,235,217,5212,0.17742978723404257,200
HTTP/3,287,1786699042701,200.2,192.0,215.0,0.0,10.0,412,413,5212,0.10120388349514564,200
HTTP/3,288,1786699050257,197.6,190.0,223.0,0.0,17.75,270,260,5212,0.1544296296296296,200
HTTP/3,289,1786699057763,192.0,190.0,195.0,0.0,2.5,243,225,5212,0.17158847736625515,200
HTTP/3,290,1786699065267,191.8,190.0,197.0,0.0,3.25,240,222,5212,0.17373333333333335,200
HTTP/3,291,1786699072765,191.4,190.0,194.0,0.0,2.0,212,213,5212,0.1966792452830189,200
HTTP/3,292,1786699080304,193.4,190.0,203.0,0.0,6.25,233,216,5212,0.1789527896995708,200
HTTP/3,293,1786699087831,190.8,190.0,191.0,0.0,0.5,227,211,5212,0.1836828193832599,200
HTTP/3,294,1786699095369,193.4,190.0,202.0,0.0,6.75,249,251,5212,0.1674538152610442,200
HTTP/3,295,1786699103274,196.0,191.0,204.0,0.0,11.5,612,578,18312,0.23937254901960786,200
HTTP/3,296,1786699110756,192.4,190.0,197.0,0.0,3.5,241,231,5212,0.17301244813278008,200
HTTP/3,297,1786699118698,197.2,190.0,205.0,0.0,3.75,673,634,18395,0.21866270430906387,200
HTTP/3,298,1786699126446,192.0,190.0,195.0,0.0,1.75,423,423,5212,0.09857210401891253,200
HTTP/3,299,1786699134125,191.8,190.0,193.0,0.0,1.25,396,396,5212,0.10529292929292929,200
HTTP/3,300,1786699141888,192.4,190.0,197.0,0.0,2.25,416,417,5212,0.10023076923076923,200
HTTP/3,301,1786699149474,192.4,191.0,195.0,0.0,2.25,223,223,5212,0.1869775784753363,200
HTTP/3,302,1786699157150,192.6,190.0,197.0,0.0,4.75,225,207,5212,0.18531555555555557,200
HTTP/3,303,1786699164689,190.8,190.0,193.0,0.0,1.25,239,221,5212,0.1744602510460251,200
HTTP/3,304,1786699172642,192.2,190.0,195.0,0.0,2.0,661,620,18310,0.2216036308623298,200
HTTP/3,305,1786699180402,192.2,190.0,198.0,0.0,2.5,408,409,5212,0.10219607843137256,200
HTTP/3,306,1786699188449,196.6,190.0,205.0,0.0,6.0,665,579,17417,0.20952781954887217,200
HTTP/3,307,1786699196274,191.4,190.0,193.0,0.0,2.0,390,391,5212,0.10691282051282051,200
HTTP/3,308,1786699203935,191.6,190.0,193.0,0.0,1.25,423,424,5212,0.09857210401891253,200
HTTP/3,309,1786699211663,191.2,190.0,194.0,0.0,2.0,424,419,5212,0.09833962264150944,200
HTTP/3,310,1786699219176,192.8,190.0,196.0,0.0,2.5,221,203,5212,0.18866968325791855,200
HTTP/3,311,1786699226708,193.4,190.0,204.0,0.0,4.0,244,229,5212,0.17088524590163934,200
HTTP/3,312,1786699234391,192.4,190.0,201.0,0.0,3.25,409,409,5212,0.10194621026894866,200
HTTP/3,313,1786699241886,191.4,191.0,193.0,0.0,0.5,248,230,5212,0.16812903225806453,200
HTTP/3,314,1786699249456,195.2,190.0,207.0,0.0,6.25,266,267,5212,0.15675187969924811,200
HTTP/3,315,1786699257197,194.2,191.0,197.0,0.0,2.25,430,431,5212,0.09696744186046512,200
HTTP/3,316,1786699264727,193.2,190.0,199.0,0.0,2.25,235,218,5212,0.17742978723404257,200
HTTP/3,317,1786699272231,192.2,190.0,197.0,0.0,4.25,240,222,5212,0.17373333333333335,200
HTTP/3,318,1786699279737,191.6,190.0,194.0,0.0,2.0,232,213,5212,0.17972413793103445,200
HTTP/3,319,1786699287263,191.8,190.0,194.0,0.0,3.0,252,232,5212,0.16546031746031745,200
HTTP/3,320,1786699294769,192.8,190.0,197.0,0.0,3.25,254,236,5212,0.1641574803149606,200
HTTP/3,321,1786699302485,214.0,190.0,305.0,0.0,57.25,420,422,5212,0.09927619047619048,200
HTTP/3,322,1786699310215,190.4,190.0,192.0,0.0,0.5,416,416,5212,0.10023076923076923,200
HTTP/3,323,1786699318106,191.8,190.0,194.0,0.0,2.75,625,587,17412,0.2228736,200
HTTP/3,324,1786699326050,191.6,191.0,193.0,0.0,1.25,631,575,17972,0.2278541996830428,200
HTTP/3,325,1786699333959,191.6,190.0,193.0,0.0,1.25,629,592,17417,0.22151987281399046,200
HTTP/3,326,1786699341670,191.0,190.0,192.0,0.0,1.0,418,419,5212,0.0997511961722488,200
HTTP/3,327,1786699349356,193.6,190.0,199.0,0.0,3.75,418,419,5212,0.0997511961722488,200
HTTP/3,328,1786699357028,194.6,190.0,202.0,0.0,8.0,414,415,5212,0.10071497584541063,200
HTTP/3,329,1786699365176,194.0,190.0,203.0,0.0,4.25,633,597,18313,0.23144391785150079,200
HTTP/3,330,1786699373090,194.2,189.0,201.0,0.0,3.25,628,591,17412,0.22180891719745222,200
HTTP/3,331,1786699380583,193.4,190.0,204.0,0.0,7.0,228,211,5212,0.1828771929824561,200
HTTP/3,332,1786699389347,190.4,189.0,193.0,0.0,2.5,599,581,69125,0.9232053422370619,200
HTTP/3,333,1786699397038,195.8,190.0,212.0,0.0,6.25,245,222,5212,0.17018775510204082,200
HTTP/3,334,1786699404957,191.2,190.0,194.0,0.0,2.5,429,430,5212,0.0971934731934732,200
HTTP/3,335,1786699412644,193.0,189.0,200.0,0.0,5.0,231,212,5212,0.1805021645021645,200
HTTP/3,336,1786699420144,190.0,189.0,191.0,0.0,0.75,228,228,5212,0.1828771929824561,200
HTTP/3,337,1786699427616,190.6,189.0,192.0,0.0,1.25,243,226,5212,0.17158847736625515,200
HTTP/3,338,1786699435117,190.0,189.0,191.0,0.0,0.75,243,225,5212,0.17158847736625515,200
HTTP/3,339,1786699442585,194.2,189.0,205.0,0.0,7.5,233,216,5212,0.1789527896995708,200
HTTP/3,340,1786699450100,191.2,189.0,196.0,0.0,3.75,271,246,5212,0.15385977859778596,200
HTTP/3,341,1786699457583,192.4,189.0,199.0,0.0,4.75,248,235,5212,0.16812903225806453,200
HTTP/3,342,1786699465056,191.8,189.0,195.0,0.0,2.75,240,220,5212,0.17373333333333335,200
HTTP/3,343,1786699472536,191.0,189.0,196.0,0.0,3.25,239,221,5212,0.1744602510460251,200
HTTP/3,344,1786699480026,190.6,189.0,192.0,0.0,1.5,237,219,5212,0.1759324894514768,200
HTTP/3,345,1786699487496,195.6,189.0,203.0,0.0,7.0,223,208,5212,0.1869775784753363,200
HTTP/3,346,1786699495352,191.4,189.0,197.0,0.0,3.75,617,580,18316,0.23748460291734197,200
HTTP/3,347,1786699503070,190.4,189.0,192.0,0.0,1.5,429,430,5212,0.0971934731934732,200
HTTP/3,348,1786699511027,191.8,189.0,196.0,0.0,3.5,681,653,18304,0.21502496328928045,200
HTTP/3,349,1786699518559,198.6,190.0,219.0,0.0,18.0,246,234,5212,0.16949593495934961,200
HTTP/3,350,1786699526030,190.6,189.0,193.0,0.0,2.25,230,219,5212,0.18128695652173912,200
HTTP/3,351,1786699533569,191.0,189.0,194.0,0.0,2.25,230,213,5212,0.18128695652173912,200
HTTP/3,352,1786699541037,190.2,189.0,191.0,0.0,1.25,237,220,5212,0.1759324894514768,200
HTTP/3,353,1786699548488,190.6,189.0,194.0,0.0,2.25,237,218,5212,0.1759324894514768,200
HTTP/3,354,1786699556027,193.2,189.0,203.0,0.0,5.75,247,229,5212,0.16880971659919028,200
HTTP/3,355,1786699563571,190.6,190.0,193.0,0.0,1.5,229,229,5212,0.18207860262008732,200
HTTP/3,356,1786699571337,192.2,190.0,199.0,0.0,5.0,449,449,5212,0.0928641425389755,200
HTTP/3,357,1786699578980,191.6,190.0,194.0,0.0,1.5,406,407,5212,0.10269950738916254,200
HTTP/3,358,1786699586891,191.2,189.0,195.0,0.0,3.25,634,569,17543,0.22136277602523657,200
HTTP/3,359,1786699594368,190.2,189.0,191.0,0.0,1.0,225,208,5212,0.18531555555555557,200
HTTP/3,360,1786699601871,192.6,190.0,197.0,0.0,4.5,236,222,5212,0.17667796610169492,200
HTTP/3,361,1786699609328,190.4,189.0,193.0,0.0,1.75,223,206,5212,0.1869775784753363,200
HTTP/3,362,1786699616840,192.4,189.0,200.0,0.0,2.75,241,226,5212,0.17301244813278008,200
HTTP/3,363,1786699624564,193.4,189.0,200.0,0.0,2.75,431,432,5212,0.09674245939675175,200
HTTP/3,364,1786699632281,192.2,189.0,196.0,0.0,4.25,405,405,5212,0.10295308641975308,200
HTTP/3,365,1786699639834,191.2,190.0,196.0,0.0,1.5,256,238,5212,0.162875,200
HTTP/3,366,1786699647305,190.4,190.0,192.0,0.0,1.0,223,207,5212,0.1869775784753363,200
HTTP/3,367,1786699655229,193.6,189.0,199.0,0.0,7.5,651,611,18128,0.22277112135176652,200
HTTP/3,368,1786699662685,192.6,190.0,198.0,0.0,3.0,238,221,5212,0.17519327731092438,200
HTTP/3,369,1786699670204,194.8,190.0,205.0,0.0,9.75,232,218,5212,0.17972413793103445,200
HTTP/3,370,1786699677985,190.0,190.0,190.0,0.0,0.0,430,431,5212,0.09696744186046512,200
HTTP/3,371,1786699685887,192.6,190.0,199.0,0.0,3.0,634,599,17421,0.21982334384858043,200
HTTP/3,372,1786699693372,195.2,190.0,216.0,0.0,13.0,245,226,5212,0.17018775510204082,200
HTTP/3,373,1786699700896,191.8,190.0,193.0,0.0,1.25,231,213,5212,0.1805021645021645,200
HTTP/3,374,1786699708356,192.6,190.0,197.0,0.0,3.0,234,219,5212,0.1781880341880342,200
HTTP/3,375,1786699715860,192.0,190.0,198.0,0.0,4.0,263,251,5212,0.1585399239543726,200
HTTP/3,376,1786699723364,191.4,190.0,193.0,0.0,1.5,259,243,5212,0.16098841698841698,200
HTTP/3,377,1786699730787,191.4,190.0,193.0,0.0,1.25,229,214,5212,0.18207860262008732,200
HTTP/3,378,1786699738315,191.0,190.0,194.0,0.0,2.5,264,246,5212,0.15793939393939394,200
HTTP/3,379,1786699745810,191.0,190.0,193.0,0.0,0.75,237,218,5212,0.1759324894514768,200
HTTP/3,380,1786699753288,192.0,190.0,195.0,0.0,2.25,249,231,5212,0.1674538152610442,200
HTTP/3,381,1786699760962,193.6,189.0,201.0,0.0,5.5,426,427,5212,0.09787793427230046,200
HTTP/3,382,1786699768661,193.2,191.0,196.0,0.0,2.25,420,421,5212,0.09927619047619048,200
HTTP/3,383,1786699776516,192.0,190.0,199.0,0.0,2.75,600,563,17410,0.23213333333333333,200
HTTP/3,384,1786699784031,191.2,190.0,193.0,0.0,1.5,214,211,5212,0.1948411214953271,200
HTTP/3,385,1786699791720,193.2,190.0,204.0,0.0,7.0,414,415,5212,0.10071497584541063,200
HTTP/3,386,1786699799241,191.4,190.0,195.0,0.0,2.75,231,218,5212,0.1805021645021645,200
HTTP/3,387,1786699806725,193.2,190.0,203.0,0.0,7.0,205,205,5212,0.20339512195121953,200
HTTP/3,388,1786699814520,195.6,190.0,205.0,0.0,9.25,391,391,5212,0.1066393861892583,200
HTTP/3,389,1786699822412,192.6,190.0,197.0,0.0,4.5,634,596,18313,0.2310788643533123,200
HTTP/3,390,1786699829989,216.8,190.0,251.0,0.0,41.5,259,260,5212,0.16098841698841698,200
HTTP/3,391,1786699837456,192.0,190.0,198.0,0.0,4.0,237,219,5212,0.1759324894514768,200
HTTP/3,392,1786699844998,194.4,190.0,207.0,0.0,5.5,239,217,5212,0.1744602510460251,200
HTTP/3,393,1786699852614,192.4,190.0,196.0,0.0,1.5,266,250,5212,0.15675187969924811,200
HTTP/3,394,1786699860376,191.0,190.0,193.0,0.0,1.5,429,429,5212,0.0971934731934732,200
HTTP/3,395,1786699868072,191.6,190.0,194.0,0.0,1.75,421,422,5212,0.09904038004750594,200
HTTP/3,396,1786699875581,193.2,190.0,202.0,0.0,5.0,238,220,5212,0.17519327731092438,200
HTTP/3,397,1786699883082,199.2,190.0,220.0,0.0,14.5,223,224,5212,0.1869775784753363,200
HTTP/3,398,1786699890545,191.0,190.0,193.0,0.0,0.75,250,230,5212,0.166784,200
HTTP/3,399,1786699898452,191.6,190.0,194.0,0.0,2.5,651,614,18319,0.22511827956989247,200
HTTP/3,400,1786699905947,198.4,190.0,230.0,0.0,21.0,237,219,5212,0.1759324894514768,200
HTTP/3,401,1786699913438,192.2,190.0,195.0,0.0,2.75,233,233,5212,0.1789527896995708,200
HTTP/3,402,1786699921345,195.8,189.0,215.0,0.0,13.0,644,603,17473,0.217055900621118,200
HTTP/3,403,1786699928880,194.8,190.0,202.0,0.0,5.25,228,211,5212,0.1828771929824561,200
HTTP/3,404,1786699936362,190.6,190.0,192.0,0.0,1.0,233,215,5212,0.1789527896995708,200
HTTP/3,405,1786699944015,191.2,190.0,193.0,0.0,1.5,409,409,5212,0.10194621026894866,200
HTTP/3,406,1786699951990,207.6,191.0,270.0,0.0,21.5,664,622,17416,0.2098313253012048,200
HTTP/3,407,1786699959456,191.6,190.0,198.0,0.0,2.0,246,231,5212,0.16949593495934961,200
HTTP/3,408,1786699966973,192.8,190.0,196.0,0.0,3.75,247,229,5212,0.16880971659919028,200
HTTP/3,409,1786699974748,194.4,190.0,200.0,0.0,4.5,423,424,5212,0.09857210401891253,200
HTTP/3,410,1786699982326,197.4,190.0,213.0,0.0,10.25,236,221,5212,0.17667796610169492,200
HTTP/3,411,1786699989840,193.6,189.0,201.0,0.0,4.25,231,215,5212,0.1805021645021645,200
HTTP/3,412,1786699997345,190.6,189.0,192.0,0.0,1.25,233,215,5212,0.1789527896995708,200
HTTP/3,413,1786700004822,192.4,190.0,201.0,0.0,6.0,242,224,5212,0.17229752066115703,200
HTTP/3,414,1786700012422,201.4,189.0,234.0,0.0,11.25,247,229,5212,0.16880971659919028,200
HTTP/3,415,1786700019911,190.0,190.0,190.0,0.0,0.0,229,214,5212,0.18207860262008732,200
HTTP/3,416,1786700027403,191.6,189.0,198.0,0.0,4.5,257,236,5212,0.16224124513618676,200
HTTP/3,417,1786700034854,190.4,189.0,193.0,0.0,1.5,238,216,5212,0.17519327731092438,200
HTTP/3,418,1786700042334,190.2,189.0,191.0,0.0,1.0,222,202,5212,0.18781981981981982,200
HTTP/3,419,1786700049833,190.4,189.0,193.0,0.0,1.75,220,205,5212,0.18952727272727274,200
HTTP/3,420,1786700057561,189.8,189.0,190.0,0.0,0.5,433,434,5212,0.09629561200923786,200
HTTP/3,421,1786700065243,196.8,189.0,217.0,0.0,8.5,398,399,5212,0.10476381909547737,200
HTTP/3,422,1786700072717,190.6,189.0,193.0,0.0,2.25,243,225,5212,0.17158847736625515,200
HTTP/3,423,1786700080622,190.8,189.0,195.0,0.0,1.5,641,605,18306,0.22846801872074884,200
HTTP/3,424,1786700088151,193.0,190.0,200.0,0.0,5.0,234,215,5212,0.1781880341880342,200
HTTP/3,425,1786700095896,190.4,189.0,193.0,0.0,1.75,458,459,5212,0.09103930131004366,200
HTTP/3,426,1786700103371,191.2,190.0,193.0,0.0,2.0,217,215,5212,0.19214746543778802,200
HTTP/3,427,1786700111176,191.4,189.0,197.0,0.0,2.5,625,589,18313,0.2344064,200
HTTP/3,428,1786700118791,190.6,190.0,191.0,0.0,0.75,406,407,5212,0.10269950738916254,200
HTTP/3,429,1786700126300,190.6,189.0,193.0,0.0,1.75,235,218,5212,0.17742978723404257,200
HTTP/3,430,1786700133964,194.4,190.0,201.0,0.0,5.5,432,432,5212,0.09651851851851853,200
HTTP/3,431,1786700141541,190.4,189.0,193.0,0.0,1.75,245,212,5212,0.17018775510204082,200
HTTP/3,432,1786700149028,191.6,189.0,197.0,0.0,3.25,234,229,5212,0.1781880341880342,200
HTTP/3,433,1786700156565,190.0,190.0,190.0,0.0,0.0,226,226,5212,0.1844955752212389,200
HTTP/3,434,1786700164093,193.2,190.0,206.0,0.0,8.0,219,203,5212,0.19039269406392692,200
HTTP/3,435,1786700171592,193.0,191.0,197.0,0.0,4.0,232,211,5212,0.17972413793103445,200
HTTP/3,436,1786700179136,190.8,190.0,194.0,0.0,1.0,215,215,5212,0.19393488372093023,200
HTTP/3,437,1786700187048,190.8,190.0,193.0,0.0,0.75,629,585,5212,0.06628934817170111,200
HTTP/3,438,1786700194877,192.2,189.0,203.0,0.0,6.75,612,576,18307,0.23930718954248364,200
HTTP/3,439,1786700202572,190.4,189.0,193.0,0.0,1.75,424,425,5212,0.09833962264150944,200
HTTP/3,440,1786700210096,193.0,190.0,201.0,0.0,6.25,220,203,5212,0.18952727272727274,200
HTTP/3,441,1786700218049,191.0,189.0,196.0,0.0,3.25,686,650,19548,0.22796501457725946,200
HTTP/3,442,1786700225631,196.2,189.0,204.0,0.0,7.25,252,253,5212,0.16546031746031745,200
HTTP/3,443,1786700233552,193.2,190.0,199.0,0.0,2.75,620,582,17226,0.22227096774193547,200
HTTP/3,444,1786700241032,195.0,189.0,203.0,0.0,8.25,228,213,5212,0.1828771929824561,200
HTTP/3,445,1786700248576,189.8,189.0,191.0,0.0,1.25,248,225,5212,0.16812903225806453,200
HTTP/3,446,1786700256089,190.0,189.0,192.0,0.0,1.0,243,226,5212,0.17158847736625515,200
HTTP/3,447,1786700293382,190.8,190.0,193.0,0.0,1.25,-1,-1,0,0.0,-1
HTTP/3,448,1786700300956,193.0,190.0,199.0,0.0,4.5,239,221,5212,0.1744602510460251,200
HTTP/3,449,1786700308652,191.8,189.0,195.0,0.0,2.5,416,416,5212,0.10023076923076923,200
HTTP/3,450,1786700316186,192.2,189.0,196.0,0.0,3.75,236,217,5212,0.17667796610169492,200
HTTP/3,451,1786700323916,190.4,189.0,192.0,0.0,1.0,424,424,5212,0.09833962264150944,200
HTTP/3,452,1786700331728,190.2,190.0,191.0,0.0,0.25,592,558,18312,0.24745945945945946,200
HTTP/3,453,1786700339208,193.0,189.0,198.0,0.0,5.25,235,218,5212,0.17742978723404257,200
HTTP/3,454,1786700347053,190.0,189.0,192.0,0.0,1.75,580,542,17491,0.24125517241379313,200
HTTP/3,455,1786700354591,211.4,197.0,229.0,0.0,14.5,255,242,5212,0.16351372549019608,200
HTTP/3,456,1786700362120,197.4,190.0,204.0,0.0,9.5,235,217,5212,0.17742978723404257,200
HTTP/3,457,1786700369613,190.8,189.0,194.0,0.0,1.25,248,230,5212,0.16812903225806453,200
HTTP/3,458,1786700377119,189.8,189.0,191.0,0.0,1.25,202,203,5212,0.2064158415841584,200
HTTP/3,459,1786700384585,190.8,189.0,192.0,0.0,1.75,232,215,5212,0.17972413793103445,200
HTTP/3,460,1786700392131,191.4,189.0,197.0,0.0,4.25,252,253,3856,0.12241269841269842,200
HTTP/3,461,1786700399832,194.8,190.0,208.0,0.0,11.25,435,436,5212,0.0958528735632184,200
HTTP/3,462,1786700407823,190.2,189.0,193.0,0.0,2.0,671,630,18312,0.21832488822652754,200
HTTP/3,463,1786700415797,200.0,189.0,210.0,0.0,10.25,619,582,18314,0.2366914378029079,200
HTTP/3,464,1786700423520,193.4,190.0,196.0,0.0,3.5,418,419,5212,0.0997511961722488,200
HTTP/3,465,1786700431024,197.6,189.0,215.0,0.0,18.75,229,213,5212,0.18207860262008732,200
HTTP/3,466,1786700438875,192.2,190.0,196.0,0.0,3.0,606,551,17421,0.229980198019802,200
HTTP/3,467,1786700446604,190.2,190.0,191.0,0.0,0.5,413,414,5212,0.1009588377723971,200
HTTP/3,468,1786700454105,192.6,189.0,203.0,0.0,6.75,249,232,5212,0.1674538152610442,200
HTTP/3,469,1786700461602,190.4,190.0,191.0,0.0,1.0,217,216,5212,0.19214746543778802,200
HTTP/3,470,1786700469072,192.0,189.0,196.0,0.0,2.75,223,206,5212,0.1869775784753363,200
HTTP/3,471,1786700476558,194.2,189.0,205.0,0.0,7.75,226,209,5212,0.1844955752212389,200
HTTP/3,472,1786700484022,191.0,189.0,194.0,0.0,3.0,228,212,5212,0.1828771929824561,200
HTTP/3,473,1786700491518,196.2,189.0,223.0,0.0,17.25,216,199,5212,0.19303703703703706,200
HTTP/3,474,1786700499033,190.4,189.0,193.0,0.0,2.0,230,218,5212,0.18128695652173912,200
HTTP/3,475,1786700506515,218.4,190.0,255.0,0.0,36.75,237,219,5212,0.1759324894514768,200
HTTP/3,476,1786700514005,211.0,189.0,267.0,0.0,36.5,230,215,5212,0.18128695652173912,200
HTTP/3,477,1786700521876,194.0,190.0,204.0,0.0,4.25,624,577,17473,0.2240128205128205,200
HTTP/3,478,1786700529547,191.0,189.0,194.0,0.0,2.5,406,407,5212,0.10269950738916254,200
HTTP/3,479,1786700537031,190.2,189.0,192.0,0.0,1.25,252,234,5212,0.16546031746031745,200
HTTP/3,480,1786700544623,190.0,189.0,192.0,0.0,1.5,397,398,5212,0.10502770780856423,200
HTTP/3,481,1786700552038,190.2,189.0,191.0,0.0,1.25,225,210,5212,0.18531555555555557,200
HTTP/3,482,1786700559707,189.8,189.0,190.0,0.0,0.25,431,432,5212,0.09674245939675175,200
HTTP/3,483,1786700567331,201.0,190.0,237.0,0.0,24.75,407,407,5212,0.10244717444717447,200
HTTP/3,484,1786700575025,190.8,189.0,196.0,0.0,1.75,396,398,5212,0.10529292929292929,200
HTTP/3,485,1786700582474,189.6,189.0,190.0,0.0,0.25,244,216,5212,0.17088524590163934,200
HTTP/3,486,1786700590334,192.2,189.0,199.0,0.0,4.75,620,560,17156,0.2213677419354839,200
HTTP/3,487,1786700597755,191.0,190.0,193.0,0.0,1.25,232,213,5212,0.17972413793103445,200
HTTP/3,488,1786700605406,190.4,189.0,192.0,0.0,0.75,414,414,5212,0.10071497584541063,200
HTTP/3,489,1786700612856,191.8,190.0,196.0,0.0,3.5,232,212,5212,0.17972413793103445,200
HTTP/3,490,1786700620988,190.4,189.0,192.0,0.0,1.25,792,793,1928,0.019474747474747475,200
HTTP/3,491,1786700628475,191.4,189.0,198.0,0.0,2.25,245,232,5212,0.17018775510204082,200
HTTP/3,492,1786700636075,190.8,189.0,193.0,0.0,1.75,398,399,5212,0.10476381909547737,200
HTTP/3,493,1786700643724,191.4,190.0,196.0,0.0,2.0,390,391,5212,0.10691282051282051,200
HTTP/3,494,1786700651578,189.4,189.0,190.0,0.0,0.25,668,628,19301,0.23114970059880238,200
HTTP/3,495,1786700659269,191.2,189.0,195.0,0.0,2.25,428,429,5212,0.09742056074766355,200
HTTP/3,496,1786700666875,191.0,190.0,193.0,0.0,1.5,388,389,5212,0.1074639175257732,200
HTTP/3,497,1786700674749,190.0,189.0,191.0,0.0,0.75,643,599,17415,0.2166718506998445,200
HTTP/3,498,1786700682429,191.4,189.0,197.0,0.0,3.5,429,430,5212,0.0971934731934732,200
HTTP/3,499,1786700689908,189.8,189.0,190.0,0.0,0.25,251,235,5212,0.1661195219123506,200
HTTP/3,500,1786700697349,190.6,189.0,192.0,0.0,0.75,238,220,5212,0.17519327731092438,200
HTTP/3,501,1786700704856,190.8,189.0,194.0,0.0,1.25,257,242,5212,0.16224124513618676,200
HTTP/3,502,1786700712488,189.8,189.0,191.0,0.0,0.75,397,398,5212,0.10502770780856423,200
HTTP/3,503,1786700719911,190.8,189.0,193.0,0.0,1.5,215,215,5212,0.19393488372093023,200
HTTP/3,504,1786700727354,189.8,189.0,190.0,0.0,0.25,230,212,5212,0.18128695652173912,200
HTTP/3,505,1786700734821,190.8,189.0,193.0,0.0,1.25,229,217,5212,0.18207860262008732,200
HTTP/3,506,1786700742541,191.8,189.0,197.0,0.0,3.5,247,231,5212,0.16880971659919028,200
HTTP/3,507,1786700750028,191.4,190.0,194.0,0.0,2.0,236,220,5212,0.17667796610169492,200
HTTP/3,508,1786700757532,192.8,189.0,203.0,0.0,6.75,210,210,5212,0.19855238095238095,200
HTTP/3,509,1786700765021,189.6,189.0,190.0,0.0,0.5,228,209,5212,0.1828771929824561,200
HTTP/3,510,1786700772505,194.0,189.0,201.0,0.0,3.5,260,227,5212,0.16036923076923076,200
HTTP/3,511,1786700780119,190.6,190.0,192.0,0.0,0.5,422,423,5212,0.09880568720379147,200
HTTP/3,512,1786700787531,193.4,191.0,197.0,0.0,2.75,238,219,5212,0.17519327731092438,200
HTTP/3,513,1786700797027,192.6,189.0,201.0,0.0,4.0,232,219,5212,0.17972413793103445,200
HTTP/3,514,1786700805274,192.0,189.0,198.0,0.0,2.5,253,235,5212,0.16480632411067195,200
HTTP/3,515,1786700812995,189.8,189.0,190.0,0.0,0.25,233,215,5212,0.1789527896995708,200
HTTP/3,516,1786700820744,191.0,189.0,193.0,0.0,2.75,261,242,5212,0.15975478927203063,200
HTTP/3,517,1786700828489,191.4,189.0,197.0,0.0,2.5,235,219,5212,0.17742978723404257,200
HTTP/3,518,1786700836171,189.8,189.0,191.0,0.0,0.5,232,213,5212,0.17972413793103445,200
HTTP/3,519,1786700843777,193.2,189.0,206.0,0.0,4.75,241,221,5212,0.17301244813278008,200
HTTP/3,520,1786700851314,191.4,190.0,197.0,0.0,1.75,248,228,5212,0.16812903225806453,200
HTTP/3,521,1786700858821,191.6,189.0,194.0,0.0,2.75,257,233,5212,0.16224124513618676,200
HTTP/3,522,1786700866309,190.0,189.0,191.0,0.0,1.0,248,228,5212,0.16812903225806453,200
HTTP/3,523,1786700874190,198.4,191.0,220.0,0.0,8.75,623,587,17490,0.22459069020866773,200
HTTP/3,524,1786700881846,190.4,189.0,192.0,0.0,1.25,400,401,5212,0.10424,200
HTTP/3,525,1786700889310,190.2,189.0,192.0,0.0,1.5,244,229,5212,0.17088524590163934,200
HTTP/3,526,1786700896837,190.2,189.0,191.0,0.0,1.25,231,231,5212,0.1805021645021645,200
HTTP/3,527,1786700904499,194.6,189.0,207.0,0.0,8.25,413,414,5212,0.1009588377723971,200
HTTP/3,528,1786700911977,192.8,190.0,196.0,0.0,2.5,236,213,5212,0.17667796610169492,200
HTTP/3,529,1786700919854,191.4,190.0,195.0,0.0,2.5,621,580,18312,0.23590338164251207,200
HTTP/3,530,1786700927563,190.4,190.0,192.0,0.0,1.0,432,433,5212,0.09651851851851853,200
HTTP/3,531,1786700935237,191.6,190.0,195.0,0.0,2.25,398,398,5212,0.10476381909547737,200
HTTP/3,532,1786700942900,191.2,190.0,193.0,0.0,1.75,401,401,5212,0.10398004987531172,200
HTTP/3,533,1786700950774,191.8,190.0,195.0,0.0,2.5,617,580,17420,0.22586709886547812,200
HTTP/3,534,1786700958701,191.0,190.0,192.0,0.0,1.5,641,600,17416,0.2173603744149766,200
HTTP/3,535,1786700966246,194.6,190.0,203.0,0.0,6.0,228,209,5212,0.1828771929824561,200
HTTP/3,536,1786700973904,191.2,190.0,193.0,0.0,2.0,382,383,5212,0.10915183246073298,200
HTTP/3,537,1786700981584,193.6,190.0,205.0,0.0,9.0,411,412,5212,0.10145012165450124,200
HTTP/3,538,1786700989483,191.8,190.0,198.0,0.0,4.0,643,582,17409,0.21659720062208396,200
HTTP/3,539,1786700997196,190.2,190.0,191.0,0.0,0.25,436,437,5212,0.09563302752293577,200
HTTP/3,540,1786701004705,191.4,190.0,195.0,0.0,2.0,238,222,5212,0.17519327731092438,200
HTTP/3,541,1786701012178,191.0,190.0,195.0,0.0,2.5,242,224,5212,0.17229752066115703,200
HTTP/3,542,1786701019899,238.2,190.0,391.0,0.0,50.25,244,227,5212,0.17088524590163934,200
HTTP/3,543,1786701027419,210.8,191.0,241.0,0.0,28.25,245,234,3856,0.12591020408163267,200
HTTP/3,544,1786701034926,203.2,190.0,227.0,0.0,18.5,229,218,5212,0.18207860262008732,200
HTTP/3,545,1786701042464,192.0,190.0,195.0,0.0,3.75,237,224,5212,0.1759324894514768,200
HTTP/3,546,1786701049942,191.6,190.0,196.0,0.0,2.0,241,225,5212,0.17301244813278008,200
HTTP/3,547,1786701057471,193.2,190.0,196.0,0.0,2.75,213,213,5212,0.19575586854460092,200
HTTP/3,548,1786701065127,190.6,190.0,192.0,0.0,1.0,416,417,5212,0.10023076923076923,200
HTTP/3,549,1786701072628,192.0,190.0,194.0,0.0,2.25,241,223,5212,0.17301244813278008,200
HTTP/3,550,1786701080468,189.8,189.0,190.0,0.0,0.25,630,599,18312,0.23253333333333334,200
HTTP/3,551,1786701088344,190.6,189.0,193.0,0.0,1.5,638,601,18316,0.22966771159874608,200
HTTP/3,552,1786701096053,193.8,190.0,203.0,0.0,3.25,424,421,23359,0.4407358490566038,200
HTTP/3,553,1786701103654,217.2,190.0,317.0,0.0,34.25,216,216,1928,0.0714074074074074,200
HTTP/3,554,1786701111126,190.4,190.0,192.0,0.0,1.0,230,229,5212,0.18128695652173912,200
HTTP/3,555,1786701118644,192.0,190.0,194.0,0.0,1.75,247,229,5212,0.16880971659919028,200
HTTP/3,556,1786701126362,191.0,190.0,194.0,0.0,1.0,405,406,5212,0.10295308641975308,200
HTTP/3,557,1786701133886,191.8,190.0,194.0,0.0,1.75,252,234,5212,0.16546031746031745,200
HTTP/3,558,1786701141765,190.6,190.0,192.0,0.0,0.5,599,565,18317,0.24463439065108517,200
HTTP/3,559,1786701149654,193.4,190.0,204.0,0.0,3.5,599,563,17411,0.23253422370617696,200
HTTP/3,560,1786701157087,195.0,190.0,209.0,0.0,7.25,237,218,5212,0.1759324894514768,200
HTTP/3,561,1786701164563,193.4,190.0,203.0,0.0,5.25,227,217,5212,0.1836828193832599,200
HTTP/3,562,1786701172214,193.2,190.0,198.0,0.0,3.75,404,404,5212,0.1032079207920792,200
HTTP/3,563,1786701179952,192.6,190.0,196.0,0.0,4.75,265,264,1928,0.05820377358490565,200
HTTP/3,564,1786701187485,190.2,190.0,191.0,0.0,0.25,238,227,5212,0.17519327731092438,200
HTTP/3,565,1786701195192,190.4,190.0,191.0,0.0,0.75,447,448,5212,0.09327964205816554,200
HTTP/3,566,1786701203055,192.6,190.0,197.0,0.0,5.0,637,598,17470,0.21940345368916797,200
HTTP/3,567,1786701211045,190.4,190.0,191.0,0.0,0.5,660,620,18398,0.2230060606060606,200
HTTP/3,568,1786701219513,191.8,190.0,198.0,0.0,2.25,231,231,5212,0.1805021645021645,200
HTTP/3,569,1786701227182,192.4,190.0,201.0,0.0,3.25,402,403,5212,0.10372139303482586,200
HTTP/3,570,1786701234645,193.4,190.0,199.0,0.0,6.5,244,219,5212,0.17088524590163934,200
HTTP/3,571,1786701242144,192.2,190.0,197.0,0.0,2.25,258,235,5212,0.16161240310077518,200
HTTP/3,572,1786701249658,191.8,189.0,201.0,0.0,3.0,248,250,3856,0.12438709677419355,200
HTTP/3,573,1786701257162,192.2,190.0,195.0,0.0,2.25,245,228,5212,0.17018775510204082,200
HTTP/3,574,1786701264658,192.8,189.0,203.0,0.0,6.75,237,218,5212,0.1759324894514768,200
HTTP/3,575,1786701272088,193.4,190.0,204.0,0.0,7.75,231,215,5212,0.1805021645021645,200
HTTP/3,576,1786701279573,193.8,190.0,200.0,0.0,2.75,236,216,5212,0.17667796610169492,200
HTTP/3,577,1786701287074,194.2,189.0,206.0,0.0,8.25,256,240,5212,0.162875,200
HTTP/3,578,1786701294578,189.6,189.0,190.0,0.0,0.75,233,217,5212,0.1789527896995708,200
HTTP/3,579,1786701302056,190.2,189.0,191.0,0.0,1.0,228,210,5212,0.1828771929824561,200
HTTP/3,580,1786701309544,190.4,190.0,192.0,0.0,0.5,227,211,5212,0.1836828193832599,200
HTTP/3,581,1786701317013,189.8,189.0,191.0,0.0,1.0,232,214,5212,0.17972413793103445,200
HTTP/3,582,1786701324537,191.8,190.0,194.0,0.0,3.0,234,220,5212,0.1781880341880342,200
HTTP/3,583,1786701332019,191.4,190.0,195.0,0.0,2.75,223,219,5212,0.1869775784753363,200
HTTP/3,584,1786701339545,190.4,190.0,192.0,0.0,1.0,234,217,5212,0.1781880341880342,200
HTTP/3,585,1786701347037,190.8,190.0,194.0,0.0,1.0,233,215,5212,0.1789527896995708,200
HTTP/3,586,1786701354522,190.2,189.0,192.0,0.0,1.5,243,225,5212,0.17158847736625515,200
HTTP/3,587,1786701361977,192.4,190.0,194.0,0.0,2.0,226,210,5212,0.1844955752212389,200
HTTP/3,588,1786701369516,192.0,189.0,197.0,0.0,2.0,245,231,5212,0.17018775510204082,200
HTTP/3,589,1786701377047,193.0,190.0,196.0,0.0,3.5,231,218,5212,0.1805021645021645,200
HTTP/3,590,1786701384530,192.0,190.0,198.0,0.0,4.5,231,216,5212,0.1805021645021645,200
HTTP/3,591,1786701392074,195.6,189.0,205.0,0.0,8.0,241,226,5212,0.17301244813278008,200
HTTP/3,592,1786701399561,189.8,189.0,191.0,0.0,1.25,243,225,5212,0.17158847736625515,200
HTTP/3,593,1786701407096,190.4,189.0,193.0,0.0,1.0,235,213,5212,0.17742978723404257,200
HTTP/3,594,1786701414587,193.0,189.0,198.0,0.0,3.5,259,238,5212,0.16098841698841698,200
HTTP/3,595,1786701422047,190.6,189.0,193.0,0.0,1.0,237,220,5212,0.1759324894514768,200
HTTP/3,596,1786701459326,190.4,189.0,193.0,0.0,2.0,-1,-1,0,0.0,-1
HTTP/3,597,1786701466923,193.0,189.0,206.0,0.0,8.25,280,268,5212,0.14891428571428572,200
HTTP/3,598,1786701474468,189.6,189.0,190.0,0.0,0.75,239,223,5212,0.1744602510460251,200
HTTP/3,599,1786701482196,191.0,189.0,193.0,0.0,1.75,409,410,5212,0.10194621026894866,200
HTTP/3,600,1786701519483,192.2,189.0,198.0,0.0,5.0,-1,-1,0,0.0,-1
HTTP/3,601,1786701527396,190.6,189.0,195.0,0.0,3.0,640,602,17482,0.218525,200
HTTP/3,602,1786701535162,194.0,189.0,205.0,0.0,4.25,411,412,5212,0.10145012165450124,200
HTTP/3,603,1786701542799,191.0,190.0,193.0,0.0,0.75,389,390,5212,0.10718766066838045,200
HTTP/3,604,1786701550445,189.8,189.0,191.0,0.0,1.0,358,359,5212,0.11646927374301676,200
HTTP/3,605,1786701565767,191.0,189.0,195.0,40.0,3.0,224,208,5212,0.18614285714285714,200
HTTP/3,606,1786701579999,253.0,189.0,421.0,20.0,154.0,3028,3010,1928,0.005093791281373844,200
HTTP/3,607,1786701591492,195.0,190.0,205.0,20.0,9.0,400,400,5212,0.10424,200
HTTP/3,608,1786701601726,190.4,189.0,193.0,0.0,2.0,2883,2884,1928,0.005349982656954562,200
HTTP/3,609,1786701609586,190.0,189.0,191.0,0.0,0.75,654,624,16294,0.19931498470948011,200
HTTP/3,610,1786701617272,192.4,190.0,199.0,0.0,5.25,391,392,5212,0.1066393861892583,200
HTTP/3,611,1786701624900,191.6,190.0,194.0,0.0,1.0,400,401,5212,0.10424,200
HTTP/3,612,1786701632583,190.6,189.0,194.0,0.0,2.5,390,390,5212,0.10691282051282051,200
HTTP/3,613,1786701640128,191.8,189.0,194.0,0.0,2.25,248,232,5212,0.16812903225806453,200
HTTP/3,614,1786701647859,193.0,190.0,197.0,0.0,3.0,433,433,5212,0.09629561200923786,200
HTTP/3,615,1786701655507,189.8,189.0,190.0,0.0,0.25,411,412,5212,0.10145012165450124,200
HTTP/3,616,1786701662998,190.2,189.0,192.0,0.0,1.0,219,203,5212,0.19039269406392692,200
HTTP/3,617,1786701670830,193.4,190.0,204.0,0.0,7.0,638,596,17488,0.21928526645768023,200
HTTP/3,618,1786701678358,190.0,190.0,190.0,0.0,0.0,248,232,5212,0.16812903225806453,200
HTTP/3,619,1786701686169,192.2,189.0,202.0,0.0,6.25,605,572,17466,0.23095537190082646,200
HTTP/3,620,1786701693671,191.6,190.0,194.0,0.0,2.5,218,218,5212,0.19126605504587155,200
HTTP/3,621,1786701704995,190.25,189.0,192.0,20.0,1.3333333333333333,237,236,5212,0.1759324894514768,200
HTTP/3,622,1786701712530,192.2,189.0,196.0,0.0,4.0,235,214,5212,0.17742978723404257,200
HTTP/3,623,1786701720128,191.6,189.0,195.0,0.0,2.75,239,221,5212,0.1744602510460251,200
HTTP/3,624,1786701727709,190.6,189.0,192.0,0.0,1.0,217,201,5212,0.19214746543778802,200
HTTP/3,625,1786701735164,191.4,189.0,198.0,0.0,2.25,227,213,5212,0.1836828193832599,200
HTTP/3,626,1786701742665,191.0,190.0,193.0,0.0,1.25,235,217,5212,0.17742978723404257,200
HTTP/3,627,1786701750151,190.0,189.0,192.0,0.0,1.0,222,222,5212,0.18781981981981982,200
HTTP/3,628,1786701757577,192.2,189.0,197.0,0.0,3.5,233,215,5212,0.1789527896995708,200
HTTP/3,629,1786701765040,193.6,190.0,202.0,0.0,3.0,243,225,5212,0.17158847736625515,200
HTTP/3,630,1786701772557,194.4,189.0,204.0,0.0,6.75,245,230,5212,0.17018775510204082,200
HTTP/3,631,1786701780078,191.0,190.0,193.0,0.0,1.75,237,220,5212,0.1759324894514768,200
HTTP/3,632,1786701787569,191.0,189.0,193.0,0.0,1.0,248,230,5212,0.16812903225806453,200
HTTP/3,633,1786701795039,191.4,189.0,198.0,0.0,4.5,231,214,5212,0.1805021645021645,200
HTTP/3,634,1786701802544,191.6,190.0,193.0,0.0,1.5,230,230,5212,0.18128695652173912,200
HTTP/3,635,1786701810000,189.4,189.0,190.0,0.0,0.5,234,218,5212,0.1781880341880342,200
HTTP/3,636,1786701817515,190.2,189.0,193.0,0.0,1.5,250,237,5212,0.166784,200
HTTP/3,637,1786701825018,190.0,189.0,192.0,0.0,2.0,247,229,5212,0.16880971659919028,200
HTTP/3,638,1786701832699,190.8,190.0,192.0,0.0,0.75,430,432,5212,0.09696744186046512,200
HTTP/3,639,1786701840331,190.8,190.0,192.0,0.0,1.25,418,418,5212,0.0997511961722488,200
HTTP/3,640,1786701847764,190.0,189.0,191.0,0.0,1.25,241,223,5212,0.17301244813278008,200
HTTP/3,641,1786701855628,191.6,189.0,197.0,0.0,4.25,634,604,18320,0.2311671924290221,200
HTTP/3,642,1786701863310,191.6,189.0,197.0,0.0,2.75,402,404,5212,0.10372139303482586,200
HTTP/3,643,1786701874502,195.75,190.0,204.0,20.0,6.0,231,229,5212,0.1805021645021645,200
HTTP/3,644,1786701911740,192.0,190.0,195.0,0.0,1.25,-1,-1,0,0.0,-1
HTTP/3,645,1786701919444,189.6,189.0,192.0,0.0,1.5,424,424,5212,0.09833962264150944,200
HTTP/3,646,1786701927599,191.0,190.0,192.0,0.0,1.0,646,610,18128,0.2244953560371517,200
HTTP/3,647,1786701935329,192.2,189.0,195.0,0.0,3.25,233,216,5212,0.1789527896995708,200
HTTP/3,648,1786701942924,189.8,189.0,191.0,0.0,1.0,233,216,3856,0.13239484978540772,200
HTTP/3,649,1786701950370,193.0,189.0,204.0,0.0,8.75,239,222,5212,0.1744602510460251,200
HTTP/3,650,1786701958245,190.0,189.0,192.0,0.0,1.25,679,613,17492,0.20609131075110454,200
HTTP/3,651,1786701969958,194.75,190.0,201.0,20.0,6.333333333333333,969,970,1928,0.015917440660474718,200
HTTP/3,652,1786701980965,190.25,189.0,192.0,20.0,1.3333333333333333,229,213,5212,0.18207860262008732,200
HTTP/3,653,1786701988650,199.0,189.0,223.0,0.0,11.5,442,444,5212,0.09433484162895928,200
HTTP/3,654,1786702000960,193.75,190.0,199.0,20.0,4.666666666666667,1244,1225,1928,0.01239871382636656,200
HTTP/3,655,1786702008454,191.2,189.0,192.0,0.0,1.5,256,238,5212,0.162875,200
HTTP/3,656,1786702015879,191.2,190.0,193.0,0.0,1.0,240,223,5212,0.17373333333333335,200
HTTP/3,657,1786702023314,190.2,189.0,193.0,0.0,2.25,233,221,5212,0.1789527896995708,200
HTTP/3,658,1786702030759,191.4,189.0,196.0,0.0,4.0,229,213,5212,0.18207860262008732,200
HTTP/3,659,1786702038551,192.2,190.0,200.0,0.0,4.75,612,578,18306,0.23929411764705882,200
HTTP/3,660,1786702046026,192.4,190.0,196.0,0.0,3.25,253,233,5212,0.16480632411067195,200
HTTP/3,661,1786702053458,192.6,189.0,199.0,0.0,4.75,227,210,5212,0.1836828193832599,200
HTTP/3,662,1786702060983,190.6,189.0,193.0,0.0,2.25,237,217,5212,0.1759324894514768,200
HTTP/3,663,1786702068428,190.4,190.0,191.0,0.0,0.5,234,217,5212,0.1781880341880342,200
HTTP/3,664,1786702076356,222.0,211.0,229.0,0.0,7.25,704,664,17415,0.19789772727272728,200
HTTP/3,665,1786702095481,190.5,190.0,191.0,60.0,1.0,291,273,5212,0.1432852233676976,200
HTTP/3,666,1786702103372,191.0,190.0,193.0,0.0,1.25,648,610,18325,0.22623456790123456,200
HTTP/3,667,1786702110877,191.8,189.0,200.0,0.0,5.25,245,226,5212,0.17018775510204082,200
HTTP/3,668,1786702148168,198.0,190.0,205.0,0.0,7.75,-1,-1,0,0.0,-1
HTTP/3,669,1786702156396,191.0,190.0,195.0,0.0,1.25,973,974,1928,0.015852004110996916,200
HTTP/3,670,1786702163837,190.8,190.0,192.0,0.0,1.0,215,214,5212,0.19393488372093023,200
HTTP/3,671,1786702171322,192.0,190.0,195.0,0.0,1.75,236,221,5212,0.17667796610169492,200
HTTP/3,672,1786702178816,191.0,190.0,193.0,0.0,0.75,213,214,5212,0.19575586854460092,200
HTTP/3,673,1786702186274,194.8,190.0,208.0,0.0,5.5,218,218,5212,0.19126605504587155,200
HTTP/3,674,1786702194071,191.4,190.0,193.0,0.0,2.0,598,579,1928,0.02579264214046823,200
HTTP/3,675,1786702201579,196.6,192.0,207.0,0.0,7.5,229,212,5212,0.18207860262008732,200
HTTP/3,676,1786702217983,193.0,190.0,195.0,20.0,3.6666666666666665,5430,5430,5212,0.0076788213627992635,200
HTTP/3,677,1786702225600,190.8,190.0,193.0,0.0,1.0,399,400,5212,0.10450125313283208,200
HTTP/3,678,1786702233275,192.6,190.0,197.0,0.0,4.25,411,411,5212,0.10145012165450124,200
HTTP/3,679,1786702241152,196.2,190.0,206.0,0.0,6.25,642,612,19486,0.24281619937694704,200
HTTP/3,680,1786702248790,191.4,190.0,194.0,0.0,2.25,401,402,18103,0.3611571072319202,200
HTTP/3,681,1786702256252,193.2,190.0,197.0,0.0,3.0,237,219,5212,0.1759324894514768,200
HTTP/3,682,1786702263655,191.4,190.0,193.0,0.0,1.25,239,222,5212,0.1744602510460251,200
HTTP/3,683,1786702271130,198.2,190.0,218.0,0.0,8.5,204,205,3856,0.15121568627450982,200
HTTP/3,684,1786702278599,193.0,191.0,197.0,0.0,3.0,240,221,5212,0.17373333333333335,200
HTTP/3,685,1786702286038,190.4,190.0,191.0,0.0,0.75,235,216,5212,0.17742978723404257,200
HTTP/3,686,1786702293469,194.6,191.0,205.0,0.0,3.75,230,212,5212,0.18128695652173912,200
HTTP/3,687,1786702301095,199.8,191.0,207.0,0.0,11.75,368,348,3856,0.08382608695652174,200
HTTP/3,688,1786702325467,192.5,190.0,195.0,60.0,5.0,-1,-1,0,0.0,-1
HTTP/3,689,1786702332903,192.0,190.0,198.0,0.0,2.75,244,228,5212,0.17088524590163934,200
HTTP/3,690,1786702340369,192.4,190.0,195.0,0.0,3.0,241,223,5212,0.17301244813278008,200
HTTP/3,691,1786702351266,195.5,190.0,204.0,20.0,8.0,224,206,5212,0.18614285714285714,200
HTTP/3,692,1786702358681,193.6,190.0,200.0,0.0,4.5,217,218,5212,0.19214746543778802,200
HTTP/3,693,1786702366148,193.0,190.0,199.0,0.0,2.75,252,234,5212,0.16546031746031745,200
HTTP/3,694,1786702373599,191.2,190.0,192.0,0.0,1.25,247,228,5212,0.16880971659919028,200
HTTP/3,695,1786702426264,203.0,203.0,203.0,80.0,0.0,-1,-1,0,0.0,-1
HTTP/3,696,1786702462757,198.0,198.0,198.0,80.0,0.0,-1,-1,0,0.0,-1
HTTP/3,697,1786702490391,-1.0,-1.0,-1.0,100.0,0.0,-1,-1,0,0.0,-1
HTTP/3,698,1786702501891,-1.0,-1.0,-1.0,100.0,0.0,-1,-1,0,0.0,-1
HTTP/3,699,1786702509352,-1.0,-1.0,-1.0,100.0,0.0,-1,-1,0,0.0,-1
HTTP/3,700,1786702514792,-1.0,-1.0,-1.0,100.0,0.0,-1,-1,0,0.0,-1
HTTP/3,701,1786702522468,196.6,190.0,216.0,0.0,7.5,388,388,3856,0.07950515463917525,200
HTTP/3,702,1786702529914,192.0,190.0,194.0,0.0,2.0,221,222,5212,0.18866968325791855,200
HTTP/3,703,1786702570969,193.0,191.0,194.0,20.0,1.0,-1,-1,0,0.0,-1
HTTP/3,704,1786702578410,197.8,190.0,215.0,0.0,10.0,237,219,5212,0.1759324894514768,200
HTTP/3,705,1786702585855,195.0,191.0,198.0,0.0,3.0,244,226,5212,0.17088524590163934,200
HTTP/3,706,1786702597981,195.75,194.0,199.0,20.0,1.6666666666666667,925,926,1928,0.016674594594594593,200
HTTP/3,707,1786702616981,199.0,193.0,205.0,60.0,12.0,239,221,5212,0.1744602510460251,200
HTTP/3,708,1786702633769,191.33333333333334,190.0,192.0,40.0,1.0,240,242,112626,3.7542,200
HTTP/3,709,1786702653258,194.5,193.0,196.0,60.0,3.0,880,881,1928,0.017527272727272728,200
HTTP/3,710,1786702661501,195.0,192.0,202.0,0.0,3.75,223,208,60936,2.1860448430493276,200
HTTP/3,711,1786702669594,193.0,190.0,196.0,0.0,2.75,870,617,9263,0.08517701149425287,200
HTTP/3,712,1786702677654,193.4,190.0,204.0,0.0,7.0,871,871,1928,0.01770838117106774,200
HTTP/3,713,1786702688979,191.5,190.0,193.0,20.0,1.3333333333333333,226,227,5212,0.1844955752212389,200
HTTP/3,714,1786702696588,193.0,190.0,196.0,0.0,2.25,366,348,3856,0.08428415300546448,200
HTTP/3,715,1786702704220,190.8,190.0,193.0,0.0,1.0,428,428,5212,0.09742056074766355,200
HTTP/3,716,1786702711844,191.0,190.0,193.0,0.0,1.5,398,399,5212,0.10476381909547737,200
HTTP/3,717,1786702719281,190.6,190.0,191.0,0.0,0.25,233,217,5212,0.1789527896995708,200
HTTP/3,718,1786702726916,195.2,191.0,204.0,0.0,6.25,415,417,5212,0.10047228915662652,200
HTTP/3,719,1786702734800,193.8,191.0,200.0,0.0,4.25,659,617,17412,0.21137481031866465,200
HTTP/3,720,1786702742235,194.6,190.0,203.0,0.0,7.25,247,229,5212,0.16880971659919028,200
HTTP/3,721,1786702749671,207.4,190.0,255.0,0.0,20.0,241,222,5212,0.17301244813278008,200
HTTP/3,722,1786702757095,196.4,190.0,205.0,0.0,4.5,231,213,5212,0.1805021645021645,200
HTTP/3,723,1786702765300,192.2,190.0,195.0,0.0,3.25,1009,983,1928,0.015286422200198218,200
HTTP/3,724,1786702773779,194.2,189.0,198.0,0.0,4.75,243,211,1928,0.06347325102880659,200
HTTP/3,725,1786702785973,191.25,191.0,192.0,20.0,0.6666666666666666,1334,1318,1928,0.011562218890554723,200
HTTP/3,726,1786702793424,192.4,190.0,196.0,0.0,2.0,253,235,5212,0.16480632411067195,200
HTTP/3,727,1786702800863,191.8,190.0,194.0,0.0,2.0,259,230,5212,0.16098841698841698,200
HTTP/3,728,1786702808369,190.6,190.0,193.0,0.0,0.75,315,316,3856,0.09793015873015873,200
HTTP/3,729,1786702816564,195.0,190.0,204.0,0.0,6.5,264,243,46872,1.4203636363636363,200
HTTP/3,730,1786702824167,193.0,190.0,195.0,0.0,3.0,398,398,5212,0.10476381909547737,200
HTTP/3,731,1786702831778,193.2,190.0,203.0,0.0,6.5,395,395,5212,0.10555949367088607,200
HTTP/3,732,1786702839184,193.8,190.0,205.0,0.0,7.25,222,221,5212,0.18781981981981982,200
HTTP/3,733,1786702846614,192.8,190.0,195.0,0.0,3.0,229,209,5212,0.18207860262008732,200
HTTP/3,734,1786702854995,192.2,190.0,195.0,0.0,2.25,1189,1172,1928,0.012972245584524809,200
HTTP/3,735,1786702862872,192.4,190.0,197.0,0.0,2.75,658,621,18309,0.22260182370820666,200
HTTP/3,736,1786702870293,191.8,190.0,193.0,0.0,2.25,214,215,5212,0.1948411214953271,200
HTTP/3,737,1786702877694,191.8,190.0,193.0,0.0,1.25,224,210,5212,0.18614285714285714,200
HTTP/3,738,1786702885335,207.8,190.0,267.0,0.0,39.25,424,425,5212,0.09833962264150944,200
HTTP/3,739,1786702892868,192.4,190.0,198.0,0.0,4.75,335,320,5212,0.12446567164179104,200
HTTP/3,740,1786702900307,192.0,190.0,197.0,0.0,2.5,244,226,5212,0.17088524590163934,200
HTTP/3,741,1786702907719,198.2,190.0,223.0,0.0,18.0,220,221,5212,0.18952727272727274,200
HTTP/3,742,1786702915337,192.0,190.0,195.0,0.0,2.0,428,429,5212,0.09742056074766355,200
HTTP/3,743,1786702922949,191.0,190.0,193.0,0.0,1.0,394,395,5212,0.1058274111675127,200
HTTP/3,744,1786702930372,191.8,190.0,196.0,0.0,3.75,230,212,5212,0.18128695652173912,200
HTTP/3,745,1786702937994,191.4,190.0,193.0,0.0,1.5,439,440,5212,0.09497949886104783,200
HTTP/3,746,1786702945418,193.6,190.0,201.0,0.0,4.75,222,222,5212,0.18781981981981982,200
HTTP/3,747,1786702952819,193.4,190.0,198.0,0.0,3.25,219,208,5212,0.19039269406392692,200
HTTP/3,748,1786702960241,191.4,190.0,196.0,0.0,3.25,240,222,5212,0.17373333333333335,200
HTTP/3,749,1786702967649,193.0,190.0,199.0,0.0,4.5,227,211,5212,0.1836828193832599,200
HTTP/3,750,1786702975435,192.8,190.0,197.0,0.0,4.0,622,580,15140,0.19472668810289387,200
HTTP/3,751,1786702982827,190.6,190.0,192.0,0.0,0.75,233,213,5212,0.1789527896995708,200
HTTP/3,752,1786702990248,193.6,191.0,197.0,0.0,2.5,224,207,5212,0.18614285714285714,200
HTTP/3,753,1786702997630,194.4,192.0,198.0,0.0,2.75,226,211,5212,0.1844955752212389,200
HTTP/3,754,1786703005115,203.6,190.0,224.0,0.0,14.5,292,242,5212,0.14279452054794523,200
HTTP/3,755,1786703012705,194.6,190.0,207.0,0.0,11.5,429,430,5212,0.0971934731934732,200
HTTP/3,756,1786703020166,192.0,190.0,198.0,0.0,4.0,231,244,5212,0.1805021645021645,200
HTTP/3,757,1786703058470,191.4,190.0,194.0,0.0,1.75,-1,-1,0,0.0,-1
HTTP/3,758,1786703066344,191.2,190.0,194.0,0.0,2.0,626,583,13955,0.17833865814696484,200
HTTP/3,759,1786703073975,191.8,190.0,194.0,0.0,1.5,423,423,5212,0.09857210401891253,200
HTTP/3,760,1786703081449,193.4,190.0,202.0,0.0,3.75,239,214,5212,0.1744602510460251,200
HTTP/3,761,1786703089258,192.8,190.0,196.0,0.0,3.5,608,566,17468,0.2298421052631579,200
HTTP/3,762,1786703097156,193.0,190.0,197.0,0.0,4.25,666,627,11089,0.13320120120120119,200
HTTP/3,763,1786703104613,191.8,190.0,195.0,0.0,1.25,247,234,5212,0.16880971659919028,200
HTTP/3,764,1786703112059,191.8,190.0,197.0,0.0,2.0,243,224,5212,0.17158847736625515,200
HTTP/3,765,1786703119571,194.4,191.0,204.0,0.0,4.75,277,259,5212,0.15052707581227437,200
HTTP/3,766,1786703126970,195.2,190.0,207.0,0.0,9.25,226,227,5212,0.1844955752212389,200
HTTP/3,767,1786703134616,194.8,190.0,202.0,0.0,5.0,397,398,5212,0.10502770780856423,200
HTTP/3,768,1786703141989,191.4,190.0,193.0,0.0,1.5,205,206,5212,0.20339512195121953,200
HTTP/3,769,1786703149627,191.0,190.0,193.0,0.0,1.75,410,411,5212,0.10169756097560977,200
HTTP/3,770,1786703157061,196.8,192.0,208.0,0.0,7.25,252,232,5212,0.16546031746031745,200
HTTP/3,771,1786703164494,192.2,190.0,196.0,0.0,3.5,237,224,5212,0.1759324894514768,200
HTTP/3,772,1786703171944,190.4,190.0,192.0,0.0,0.5,247,228,5212,0.16880971659919028,200
HTTP/3,773,1786703179410,192.8,190.0,194.0,0.0,3.0,273,256,5212,0.15273260073260073,200
HTTP/3,774,1786703187012,190.6,190.0,192.0,0.0,1.25,389,390,5212,0.10718766066838045,200
HTTP/3,775,1786703194417,191.8,190.0,193.0,0.0,2.0,237,219,5212,0.1759324894514768,200
HTTP/3,776,1786703201852,197.0,190.0,216.0,0.0,12.25,232,229,5212,0.17972413793103445,200
HTTP/3,777,1786703209294,191.6,190.0,193.0,0.0,1.5,235,217,5212,0.17742978723404257,200
HTTP/3,778,1786703216875,190.8,190.0,192.0,0.0,0.75,403,404,5212,0.10346401985111663,200
HTTP/3,779,1786703224339,192.0,190.0,195.0,0.0,2.0,234,219,5212,0.1781880341880342,200
HTTP/3,780,1786703232142,191.2,190.0,192.0,0.0,1.0,593,556,17415,0.2349409780775717,200
HTTP/3,781,1786703239784,191.2,190.0,192.0,0.0,1.25,420,421,5212,0.09927619047619048,200
HTTP/3,782,1786703247615,192.0,191.0,194.0,0.0,2.5,638,578,17413,0.2183448275862069,200
HTTP/3,783,1786703255253,193.6,190.0,201.0,0.0,7.25,430,432,5212,0.09696744186046512,200
HTTP/3,784,1786703262667,194.2,190.0,206.0,0.0,7.75,239,229,5212,0.1744602510460251,200
HTTP/3,785,1786703270285,190.4,190.0,191.0,0.0,0.75,416,417,5212,0.10023076923076923,200
HTTP/3,786,1786703277732,192.4,190.0,197.0,0.0,1.75,234,221,5212,0.1781880341880342,200
HTTP/3,787,1786703285416,192.8,190.0,195.0,0.0,1.5,425,427,5212,0.09810823529411765,200
HTTP/3,788,1786703292884,194.6,190.0,208.0,0.0,6.5,230,215,5212,0.18128695652173912,200
HTTP/3,789,1786703300488,191.0,190.0,193.0,0.0,1.25,410,411,5212,0.10169756097560977,200
HTTP/3,790,1786703308132,191.4,190.0,194.0,0.0,2.75,439,440,5212,0.09497949886104783,200
HTTP/3,791,1786703315971,191.6,190.0,195.0,0.0,2.5,649,591,17422,0.21475500770416023,200
HTTP/3,792,1786703323581,191.2,190.0,193.0,0.0,2.0,425,426,5212,0.09810823529411765,200
HTTP/3,793,1786703331377,190.6,190.0,191.0,0.0,0.75,631,582,17417,0.2208177496038035,200
HTTP/3,794,1786703339015,191.0,190.0,192.0,0.0,1.0,442,443,5212,0.09433484162895928,200
HTTP/3,795,1786703346932,191.2,190.0,194.0,0.0,2.25,697,660,19301,0.221532281205165,200
HTTP/3,796,1786703354582,190.8,190.0,193.0,0.0,1.0,416,417,5212,0.10023076923076923,200
HTTP/3,797,1786703362015,191.4,190.0,193.0,0.0,1.0,239,221,5212,0.1744602510460251,200
HTTP/3,798,1786703369445,191.4,190.0,194.0,0.0,1.5,241,224,5212,0.17301244813278008,200
HTTP/3,799,1786703376892,191.4,190.0,195.0,0.0,2.75,235,214,5212,0.17742978723404257,200
HTTP/3,800,1786703384354,191.4,190.0,197.0,0.0,1.75,237,219,5212,0.1759324894514768,200
HTTP/3,801,1786703392036,191.0,190.0,195.0,0.0,2.5,424,425,5212,0.09833962264150944,200
HTTP/3,802,1786703399468,192.6,190.0,196.0,0.0,2.75,219,219,5212,0.19039269406392692,200
HTTP/3,803,1786703407357,191.2,190.0,194.0,0.0,1.0,677,637,18308,0.2163426883308715,200
HTTP/3,804,1786703415000,192.6,189.0,204.0,0.0,7.5,413,413,5212,0.1009588377723971,200
HTTP/3,805,1786703422472,192.6,189.0,204.0,0.0,4.0,244,225,5212,0.17088524590163934,200
HTTP/3,806,1786703429931,189.2,189.0,190.0,0.0,0.5,235,235,5212,0.17742978723404257,200
HTTP/3,807,1786703437377,191.2,189.0,196.0,0.0,1.75,232,214,5212,0.17972413793103445,200
HTTP/3,808,1786703445041,192.6,189.0,204.0,0.0,4.75,432,433,5212,0.09651851851851853,200
HTTP/3,809,1786703452657,190.6,189.0,193.0,0.0,2.0,403,404,5212,0.10346401985111663,200
HTTP/3,810,1786703460208,190.8,190.0,192.0,0.0,1.0,271,251,5212,0.15385977859778596,200
HTTP/3,811,1786703467715,190.4,189.0,193.0,0.0,1.0,237,220,5212,0.1759324894514768,200
HTTP/3,812,1786703475153,190.0,189.0,192.0,0.0,1.75,243,225,5212,0.17158847736625515,200
HTTP/3,813,1786703482966,190.2,190.0,191.0,0.0,0.25,604,570,18323,0.2426887417218543,200
HTTP/3,814,1786703520173,190.8,190.0,192.0,0.0,1.0,-1,-1,0,0.0,-1
HTTP/3,815,1786703527634,190.8,189.0,193.0,0.0,1.75,238,224,5212,0.17519327731092438,200
HTTP/3,816,1786703535243,192.4,190.0,197.0,0.0,3.75,389,389,5212,0.10718766066838045,200
HTTP/3,817,1786703542666,189.8,189.0,191.0,0.0,1.0,237,220,5212,0.1759324894514768,200
HTTP/3,818,1786703550309,191.8,189.0,195.0,0.0,2.75,422,421,23354,0.4427298578199052,200
HTTP/3,819,1786703558152,193.0,189.0,204.0,0.0,8.0,616,580,18319,0.2379090909090909,200
HTTP/3,820,1786703565964,191.4,189.0,195.0,0.0,2.0,588,557,17420,0.23700680272108846,200
HTTP/3,821,1786703573612,194.0,189.0,208.0,0.0,9.25,436,436,5212,0.09563302752293577,200
HTTP/3,822,1786703581048,190.6,189.0,195.0,0.0,1.5,237,222,5212,0.1759324894514768,200
HTTP/3,823,1786703588681,190.4,189.0,193.0,0.0,2.0,409,410,3856,0.07542298288508559,200
HTTP/3,824,1786703596355,190.2,189.0,192.0,0.0,1.0,429,430,5212,0.0971934731934732,200
HTTP/3,825,1786703633581,190.0,189.0,193.0,0.0,1.75,-1,-1,0,0.0,-1
HTTP/3,826,1786703641008,189.6,189.0,190.0,0.0,0.75,231,214,5212,0.1805021645021645,200
HTTP/3,827,1786703648653,189.6,189.0,190.0,0.0,0.25,413,413,5212,0.1009588377723971,200
HTTP/3,828,1786703656082,190.4,189.0,193.0,0.0,1.25,255,235,5212,0.16351372549019608,200
HTTP/3,829,1786703663541,192.0,189.0,199.0,0.0,5.25,243,226,5212,0.17158847736625515,200
HTTP/3,830,1786703670984,191.0,190.0,195.0,0.0,2.5,241,221,5212,0.17301244813278008,200
HTTP/3,831,1786703678432,192.4,189.0,198.0,0.0,3.0,235,219,5212,0.17742978723404257,200
HTTP/3,832,1786703685926,191.2,189.0,198.0,0.0,4.75,234,220,5212,0.1781880341880342,200
HTTP/3,833,1786703693397,190.6,189.0,193.0,0.0,1.5,280,264,5212,0.14891428571428572,200
HTTP/3,834,1786703700771,192.0,189.0,198.0,0.0,3.5,226,212,5212,0.1844955752212389,200
HTTP/3,835,1786703708247,196.0,190.0,202.0,0.0,7.25,249,233,5212,0.1674538152610442,200
HTTP/3,836,1786703715642,190.2,189.0,193.0,0.0,1.0,227,212,5212,0.1836828193832599,200
HTTP/3,837,1786703723093,191.2,189.0,196.0,0.0,2.25,258,238,5212,0.16161240310077518,200
HTTP/3,838,1786703730526,191.2,189.0,198.0,0.0,4.25,220,218,5212,0.18952727272727274,200
HTTP/3,839,1786703737994,191.0,189.0,196.0,0.0,3.25,241,223,5212,0.17301244813278008,200
HTTP/3,840,1786703745457,190.0,189.0,192.0,0.0,1.0,253,235,5212,0.16480632411067195,200
HTTP/3,841,1786703752908,192.8,189.0,202.0,0.0,4.0,239,222,5212,0.1744602510460251,200
HTTP/3,842,1786703760344,192.6,191.0,196.0,0.0,3.0,237,220,5212,0.1759324894514768,200
HTTP/3,843,1786703767784,191.4,189.0,198.0,0.0,2.5,226,211,5212,0.1844955752212389,200
HTTP/3,844,1786703775218,190.4,190.0,192.0,0.0,1.0,244,227,5212,0.17088524590163934,200
HTTP/3,845,1786703782632,192.2,189.0,197.0,0.0,3.5,210,210,5212,0.19855238095238095,200
HTTP/3,846,1786703790063,192.2,189.0,202.0,0.0,7.0,229,211,5212,0.18207860262008732,200
HTTP/3,847,1786703797525,191.8,189.0,203.0,0.0,3.5,223,222,5212,0.1869775784753363,200
HTTP/3,848,1786703804932,190.2,189.0,193.0,0.0,2.0,237,223,5212,0.1759324894514768,200
HTTP/3,849,1786703812372,194.8,192.0,196.0,0.0,1.25,237,213,5212,0.1759324894514768,200
HTTP/3,850,1786703819765,191.6,189.0,197.0,0.0,4.0,230,215,5212,0.18128695652173912,200
HTTP/3,851,1786703827220,190.2,189.0,191.0,0.0,1.0,251,233,5212,0.1661195219123506,200
HTTP/3,852,1786703834795,198.0,189.0,220.0,0.0,14.5,409,409,5212,0.10194621026894866,200
HTTP/3,853,1786703842231,192.4,189.0,199.0,0.0,5.0,231,214,5212,0.1805021645021645,200
HTTP/3,854,1786703849648,189.4,189.0,190.0,0.0,0.75,211,211,5212,0.19761137440758295,200
HTTP/3,855,1786703857114,191.6,190.0,195.0,0.0,3.25,239,221,5212,0.1744602510460251,200
HTTP/3,856,1786703864761,191.8,190.0,194.0,0.0,2.25,417,418,5212,0.09999040767386091,200
HTTP/3,857,1786703872259,192.8,189.0,198.0,0.0,4.25,244,229,5212,0.17088524590163934,200
HTTP/3,858,1786703879694,192.2,190.0,195.0,0.0,2.5,237,220,5212,0.1759324894514768,200
HTTP/3,859,1786703887520,190.8,189.0,197.0,0.0,4.5,625,584,19318,0.2472704,200
HTTP/3,860,1786703895139,190.0,189.0,191.0,0.0,0.75,414,414,5212,0.10071497584541063,200
HTTP/3,861,1786703902593,190.2,190.0,191.0,0.0,0.5,243,224,5212,0.17158847736625515,200
HTTP/3,862,1786703910027,190.6,189.0,194.0,0.0,3.0,236,219,5212,0.17667796610169492,200
HTTP/3,863,1786703917467,192.4,190.0,196.0,0.0,3.75,245,227,5212,0.17018775510204082,200
HTTP/3,864,1786703924932,190.6,189.0,194.0,0.0,1.5,241,224,5212,0.17301244813278008,200
HTTP/3,865,1786703932399,191.2,189.0,195.0,0.0,4.0,242,229,5212,0.17229752066115703,200
HTTP/3,866,1786703939813,190.8,190.0,193.0,0.0,1.0,226,212,5212,0.1844955752212389,200
HTTP/3,867,1786703947252,189.8,189.0,191.0,0.0,1.25,236,218,5212,0.17667796610169492,200
HTTP/3,868,1786703954667,192.2,189.0,204.0,0.0,7.75,247,229,5212,0.16880971659919028,200
HTTP/3,869,1786703962138,190.2,190.0,191.0,0.0,0.5,290,291,3856,0.10637241379310344,200
HTTP/3,870,1786703970559,190.2,190.0,191.0,0.0,0.25,1207,1189,5212,0.03454515327257664,200
HTTP/3,871,1786703977992,191.2,190.0,193.0,0.0,2.25,240,224,5212,0.17373333333333335,200
HTTP/3,872,1786703985826,193.6,190.0,205.0,0.0,6.75,664,630,18390,0.22156626506024096,200
HTTP/3,873,1786703993272,191.2,190.0,194.0,0.0,1.5,231,215,5212,0.1805021645021645,200
HTTP/3,874,1786704000693,191.6,190.0,195.0,0.0,2.5,230,213,5212,0.18128695652173912,200
HTTP/3,875,1786704008129,191.4,190.0,194.0,0.0,2.0,233,215,1928,0.06619742489270386,200
HTTP/3,876,1786704015602,192.0,190.0,195.0,0.0,4.25,237,221,5212,0.1759324894514768,200
HTTP/3,877,1786704023060,190.4,190.0,192.0,0.0,1.0,219,220,5212,0.19039269406392692,200
HTTP/3,878,1786704030507,192.2,190.0,196.0,0.0,3.0,237,221,5212,0.1759324894514768,200
HTTP/3,879,1786704037943,196.2,192.0,205.0,0.0,8.5,221,221,5212,0.18866968325791855,200
HTTP/3,880,1786704045380,193.6,190.0,206.0,0.0,4.0,233,217,5212,0.1789527896995708,200
HTTP/3,881,1786704052842,209.6,199.0,221.0,0.0,13.25,277,252,5212,0.15052707581227437,200
HTTP/3,882,1786704060284,204.0,191.0,236.0,0.0,21.5,256,237,5212,0.162875,200
HTTP/3,883,1786704067883,190.0,190.0,190.0,0.0,0.0,374,375,3856,0.08248128342245989,200
HTTP/3,884,1786704075532,192.6,190.0,197.0,0.0,3.0,418,418,5212,0.0997511961722488,200
HTTP/3,885,1786704083379,191.8,190.0,196.0,0.0,2.25,642,605,10433,0.130006230529595,200
HTTP/3,886,1786704091002,190.6,190.0,191.0,0.0,0.25,394,394,5212,0.1058274111675127,200
HTTP/3,887,1786704098446,195.0,192.0,202.0,0.0,4.75,227,227,5212,0.1836828193832599,200
HTTP/3,888,1786704105923,190.6,190.0,193.0,0.0,1.5,232,215,5212,0.17972413793103445,200
HTTP/3,889,1786704113369,190.4,190.0,191.0,0.0,0.75,233,235,5212,0.1789527896995708,200
HTTP/3,890,1786704120998,195.2,192.0,205.0,0.0,3.75,418,419,5212,0.0997511961722488,200
HTTP/3,891,1786704128510,192.8,190.0,201.0,0.0,6.0,239,224,5212,0.1744602510460251,200
HTTP/3,892,1786704135959,190.8,190.0,192.0,0.0,1.0,254,236,5212,0.1641574803149606,200
HTTP/3,893,1786704143572,190.6,190.0,191.0,0.0,0.5,411,411,5212,0.10145012165450124,200
HTTP/3,894,1786704151445,191.6,190.0,195.0,0.0,2.25,661,623,18318,0.2217004538577912,200
HTTP/3,895,1786704159102,192.8,191.0,195.0,0.0,3.0,422,420,12780,0.2422748815165877,200
HTTP/3,896,1786704166555,191.2,190.0,194.0,0.0,1.75,254,235,5212,0.1641574803149606,200
HTTP/3,897,1786704174177,191.2,190.0,193.0,0.0,1.25,422,422,5212,0.09880568720379147,200
HTTP/3,898,1786704181582,191.6,190.0,196.0,0.0,4.0,235,217,5212,0.17742978723404257,200
HTTP/3,899,1786704189028,190.8,190.0,192.0,0.0,1.0,245,229,5212,0.17018775510204082,200
HTTP/3,900,1786704196452,192.0,190.0,197.0,0.0,5.0,239,219,5212,0.1744602510460251,200
HTTP/3,901,1786704204111,190.6,190.0,191.0,0.0,0.75,408,408,5212,0.10219607843137256,200
HTTP/3,902,1786704211519,190.4,190.0,191.0,0.0,0.25,237,219,5212,0.1759324894514768,200
HTTP/3,903,1786704219124,190.6,190.0,193.0,0.0,1.5,376,360,5212,0.1108936170212766,200
HTTP/3,904,1786704226743,199.2,190.0,218.0,0.0,10.25,419,419,5212,0.09951312649164677,200
HTTP/3,905,1786704234386,204.6,190.0,242.0,0.0,25.0,426,427,5212,0.09787793427230046,200
HTTP/3,906,1786704241788,197.8,190.0,219.0,0.0,14.0,237,219,5212,0.1759324894514768,200
HTTP/3,907,1786704249359,191.4,190.0,193.0,0.0,2.25,353,334,5212,0.11811898016997167,200
HTTP/3,908,1786704257032,198.6,190.0,229.0,0.0,11.0,471,471,5212,0.08852653927813163,200
HTTP/3,909,1786704264675,195.4,190.0,207.0,0.0,7.0,399,401,5212,0.10450125313283208,200
HTTP/3,910,1786704272087,200.0,190.0,226.0,0.0,18.25,249,233,5212,0.1674538152610442,200
HTTP/3,911,1786704279466,200.0,190.0,218.0,0.0,13.25,225,208,5212,0.18531555555555557,200
HTTP/3,912,1786704287022,191.6,190.0,198.0,0.0,2.0,397,398,5212,0.10502770780856423,200
HTTP/3,913,1786704294457,192.6,190.0,197.0,0.0,3.5,252,228,1928,0.06120634920634921,200
HTTP/3,914,1786704302273,191.8,190.0,194.0,0.0,1.75,628,596,17407,0.22174522292993631,200
HTTP/3,915,1786704310089,191.2,190.0,193.0,0.0,1.5,640,605,18303,0.2287875,200
HTTP/3,916,1786704317664,190.0,190.0,190.0,0.0,0.0,397,398,5212,0.10502770780856423,200
HTTP/3,917,1786704325095,190.6,190.0,191.0,0.0,0.75,228,220,5212,0.1828771929824561,200
HTTP/3,918,1786704332976,196.6,190.0,220.0,0.0,9.0,649,612,18389,0.2266748844375963,200
HTTP/3,919,1786704340640,191.8,191.0,193.0,0.0,1.25,471,470,71486,1.21419957537155,200
HTTP/3,920,1786704348222,190.2,190.0,191.0,0.0,0.5,400,400,5212,0.10424,200
HTTP/3,921,1786704355792,193.4,190.0,197.0,0.0,3.5,343,324,3856,0.08993586005830903,200
HTTP/3,922,1786704363555,195.2,190.0,200.0,0.0,3.75,393,393,5212,0.10609669211195928,200
HTTP/3,923,1786704370982,191.6,190.0,195.0,0.0,2.75,237,218,5212,0.1759324894514768,200
HTTP/3,924,1786704378813,193.6,190.0,207.0,0.0,4.25,627,591,17421,0.2222775119617225,200
HTTP/3,925,1786704386374,192.0,190.0,197.0,0.0,4.25,225,227,5212,0.18531555555555557,200
HTTP/3,926,1786704393780,191.2,190.0,195.0,0.0,2.25,217,216,5212,0.19214746543778802,200
HTTP/3,927,1786704401380,192.2,190.0,196.0,0.0,3.0,402,402,5212,0.10372139303482586,200
HTTP/3,928,1786704408822,191.2,191.0,192.0,0.0,0.5,242,225,5212,0.17229752066115703,200
HTTP/3,929,1786704416227,192.2,190.0,196.0,0.0,1.5,237,219,5212,0.1759324894514768,200
HTTP/3,930,1786704423669,196.2,190.0,208.0,0.0,8.75,223,223,5212,0.1869775784753363,200
HTTP/3,931,1786704431073,191.2,190.0,192.0,0.0,0.5,218,219,5212,0.19126605504587155,200
HTTP/3,932,1786704438698,191.4,190.0,194.0,0.0,1.0,400,401,5212,0.10424,200
HTTP/3,933,1786704446212,191.6,190.0,194.0,0.0,2.25,243,223,5212,0.17158847736625515,200
HTTP/3,934,1786704453687,191.0,190.0,195.0,0.0,2.5,245,229,5212,0.17018775510204082,200
HTTP/3,935,1786704461300,190.4,190.0,192.0,0.0,1.0,426,427,5212,0.09787793427230046,200
HTTP/3,936,1786704469219,190.8,190.0,192.0,0.0,1.25,676,640,19145,0.2265680473372781,200
HTTP/3,937,1786704476863,192.8,190.0,198.0,0.0,5.0,417,419,5212,0.09999040767386091,200
HTTP/3,938,1786704484507,190.6,190.0,191.0,0.0,0.75,400,401,5212,0.10424,200
HTTP/3,939,1786704491916,192.4,190.0,198.0,0.0,3.5,223,206,5212,0.1869775784753363,200
HTTP/3,940,1786704499354,192.4,190.0,198.0,0.0,4.0,230,214,5212,0.18128695652173912,200
HTTP/3,941,1786704506815,193.0,190.0,205.0,0.0,3.75,237,223,5212,0.1759324894514768,200
HTTP/3,942,1786704514466,190.4,190.0,192.0,0.0,1.0,418,419,5212,0.0997511961722488,200
HTTP/3,943,1786704522115,192.2,190.0,197.0,0.0,3.5,408,409,5212,0.10219607843137256,200
HTTP/3,944,1786704529979,191.8,190.0,194.0,0.0,1.5,665,624,17411,0.20945563909774434,200
HTTP/3,945,1786704537459,190.8,190.0,192.0,0.0,1.25,227,228,5212,0.1836828193832599,200
HTTP/3,946,1786704544968,191.4,190.0,194.0,0.0,2.0,227,210,5212,0.1836828193832599,200
HTTP/3,947,1786704552384,193.4,190.0,199.0,0.0,4.75,239,220,5212,0.1744602510460251,200
HTTP/3,948,1786704559999,191.0,190.0,194.0,0.0,2.25,406,407,5212,0.10269950738916254,200
HTTP/3,949,1786704567429,190.4,190.0,192.0,0.0,0.5,226,227,5212,0.1844955752212389,200
HTTP/3,950,1786704574862,190.4,190.0,192.0,0.0,1.0,246,215,5212,0.16949593495934961,200
HTTP/3,951,1786704582475,192.0,190.0,196.0,0.0,2.0,391,393,5212,0.1066393861892583,200
HTTP/3,952,1786704590330,190.8,189.0,193.0,0.0,3.5,634,563,17409,0.2196719242902208,200
HTTP/3,953,1786704597756,192.8,190.0,203.0,0.0,6.75,233,216,5212,0.1789527896995708,200
HTTP/3,954,1786704612965,192.66666666666666,190.0,196.0,40.0,5.0,414,416,5212,0.10071497584541063,200
HTTP/3,955,1786704620878,194.8,190.0,203.0,0.0,4.0,696,655,19479,0.22389655172413794,200
HTTP/3,956,1786704628302,189.8,189.0,191.0,0.0,0.75,244,220,5212,0.17088524590163934,200
HTTP/3,957,1786704635714,190.4,189.0,192.0,0.0,1.25,235,218,5212,0.17742978723404257,200
HTTP/3,958,1786704643315,190.2,189.0,192.0,0.0,1.0,409,409,5212,0.10194621026894866,200
HTTP/3,959,1786704650750,190.2,189.0,191.0,0.0,0.75,220,220,5212,0.18952727272727274,200
HTTP/3,960,1786704658361,197.0,190.0,214.0,0.0,13.75,414,415,5212,0.10071497584541063,200
HTTP/3,961,1786704666173,190.6,189.0,193.0,0.0,1.75,644,606,18128,0.22519254658385093,200
HTTP/3,962,1786704673587,189.8,189.0,190.0,0.0,0.5,227,207,5212,0.1836828193832599,200
HTTP/3,963,1786704681223,191.6,190.0,195.0,0.0,2.5,428,430,5212,0.09742056074766355,200
HTTP/3,964,1786704689074,195.6,189.0,205.0,0.0,7.0,654,619,19147,0.23421406727828747,200
HTTP/3,965,1786704696527,192.8,190.0,195.0,0.0,3.25,234,214,5212,0.1781880341880342,200
HTTP/3,966,1786704703935,192.0,190.0,197.0,0.0,4.25,231,214,5212,0.1805021645021645,200
HTTP/3,967,1786704711393,193.0,189.0,205.0,0.0,4.5,232,214,5212,0.17972413793103445,200
HTTP/3,968,1786704718837,190.2,189.0,192.0,0.0,1.5,229,230,5212,0.18207860262008732,200
HTTP/3,969,1786704726686,193.2,190.0,200.0,0.0,5.0,422,423,5212,0.09880568720379147,200
HTTP/3,970,1786704734154,191.4,190.0,195.0,0.0,2.5,226,209,5212,0.1844955752212389,200
HTTP/3,971,1786704741775,191.6,190.0,195.0,0.0,2.5,387,388,5212,0.10774160206718346,200
HTTP/3,972,1786704749253,192.0,190.0,194.0,0.0,1.25,245,224,5212,0.17018775510204082,200
HTTP/3,973,1786704756699,190.0,190.0,190.0,0.0,0.0,232,216,5212,0.17972413793103445,200
HTTP/3,974,1786704764345,193.2,191.0,198.0,0.0,2.75,417,418,5212,0.09999040767386091,200
HTTP/3,975,1786704771810,192.0,190.0,194.0,0.0,1.5,253,233,5212,0.16480632411067195,200
HTTP/3,976,1786704779262,192.4,190.0,197.0,0.0,3.25,259,243,5212,0.16098841698841698,200
HTTP/3,977,1786704786754,193.2,190.0,201.0,0.0,6.0,250,233,5212,0.166784,200
HTTP/3,978,1786704794370,192.6,190.0,198.0,0.0,4.0,418,419,5212,0.0997511961722488,200
HTTP/3,979,1786704801988,190.6,190.0,193.0,0.0,0.75,430,430,5212,0.09696744186046512,200
HTTP/3,980,1786704809457,190.6,190.0,191.0,0.0,0.75,247,228,5212,0.16880971659919028,200
HTTP/3,981,1786704817177,191.2,190.0,195.0,0.0,2.75,438,441,5212,0.09519634703196346,200
HTTP/3,982,1786704824571,193.2,190.0,203.0,0.0,7.25,221,205,5212,0.18866968325791855,200
HTTP/3,983,1786704832181,191.0,190.0,193.0,0.0,2.5,403,403,5212,0.10346401985111663,200
HTTP/3,984,1786704840061,190.8,190.0,194.0,0.0,1.0,684,641,18316,0.21422222222222223,200
HTTP/3,985,1786704847487,196.8,190.0,220.0,0.0,7.5,239,228,5212,0.1744602510460251,200
HTTP/3,986,1786704884668,193.2,190.0,204.0,0.0,4.0,-1,-1,0,0.0,-1
HTTP/3,987,1786704892750,199.6,190.0,215.0,0.0,14.5,633,597,17411,0.22004423380726698,200
HTTP/3,988,1786704901026,193.8,190.0,205.0,0.0,4.75,249,230,5212,0.1674538152610442,200
HTTP/3,989,1786704908670,192.2,190.0,196.0,0.0,1.5,422,423,5212,0.09880568720379147,200
HTTP/3,990,1786704916438,190.8,190.0,192.0,0.0,1.0,406,408,5212,0.10269950738916254,200
HTTP/3,991,1786704924067,191.6,190.0,194.0,0.0,1.75,419,420,5212,0.09951312649164677,200
HTTP/3,992,1786704931734,191.4,190.0,195.0,0.0,2.0,440,441,1928,0.035054545454545456,200
HTTP/3,993,1786704939182,190.4,190.0,191.0,0.0,0.25,256,232,5212,0.162875,200
HTTP/3,994,1786704946641,190.8,190.0,194.0,0.0,2.0,225,226,5212,0.18531555555555557,200
HTTP/3,995,1786704954237,191.4,190.0,196.0,0.0,1.5,395,396,5212,0.10555949367088607,200
HTTP/3,996,1786704962107,191.6,190.0,196.0,0.0,3.0,625,589,18313,0.2344064,200
HTTP/3,997,1786704969927,191.4,190.0,195.0,0.0,2.5,595,562,18320,0.24631932773109247,200
HTTP/3,998,1786704977368,190.6,190.0,193.0,0.0,0.75,236,219,5212,0.17667796610169492,200
HTTP/3,999,1786704984795,191.2,190.0,195.0,0.0,2.75,208,208,5212,0.20046153846153847,200
HTTP/3,1000,1786704992233,191.0,190.0,193.0,0.0,1.5,232,215,5212,0.17972413793103445,200
